4	0	0	82	MAN	H2G1X6	I	104F	2
11	2	1	25	FEMME	H2T2Y8	I	223F	1
10	1	1	36	FEMME	H2G1L7	I	219,2°F	3
1	0	1	82	H	H2G	I	39°C	3
6	2	2	25	F	H2T	I	106C	2
6	7	2	66	M	H1T	I	38C	4
4	3	2	5	BOY	H2T2H9	I	102F	2
8	6	2	60	MALE	H2T1G3	I	40°C	2
3	5	2	56	HOMME	H2G 1X1	I	102	5
0	0	2	82	M	H2G	I	107°F	4
1	1	2	36	F	H2G	D	0	4
9	4	2	56	FEMME	H2G 2J1	I	40.0	5
10	19	3	0	FEMME	H2G2M8	I	102,4°F	3
8	11	3	77	MALE	H1W1V8	I	38.4°C	4
8	3	3	5	MALE	H2T2H9	I	39.4°C	3
12	13	3	1	F	H2C	I	39	4
3	7	3	66	HOMME	H1T 3J8	I	98	5
8	15	3	1	MALE	H1T3S4	I	40°C	5
9	16	3	67	HOMME	H1T 1N9	I	40.74	5
11	6	3	60	HOMME	H2T1G3	D	N.A.	3
5	12	3	58	HOMME	H1T 2N7	I	41,87	1
12	8	3	17	H	H1W	I	40	3
11	0	3	82	HOMME	H2G1X6	I	105F	5
12	2	3	25	F	H2T	I	76	3
1	18	3	6	F	H1M	I	40°C	4
12	17	3	20	H	H3B	I	39	1
0	10	3	37	F	H1W	I	102°F	1
12	9	3	83	H	H2C	I	42	5
11	5	3	56	HOMME	H2G1X1	I	103F	6
4	4	3	56	WOMAN	H2G2J1	D	N/A	6
1	14	3	2	F	H1Y	I	39°C	3
9	37	4	57	FEMME	H3S 1M8	I	39.0	2
1	13	4	1	F	H2C	I	38°C	5
3	3	4	5	HOMME	H2T 2H9	I	102	4
11	42	4	42	HOMME	H2Y2K6	I	102F	2
1	20	4	52	F	H1T	I	40°C	3
5	2	4	25	FEMME	H2T 2Y8	I	50,35	4
5	47	4	46	HOMME	H3W 2T2	I	40,0	2
5	28	4	38	HOMME	H3C 1T7	I	39,0	5
5	34	4	40	HOMME	H1T 3N5	I	39,0	2
1	9	4	83	H	H2C	D	0	6
8	10	4	37	FEMALE	H1W3E4	I	38.8°C	2
0	11	4	77	M	H1W	I	102°F	5
8	31	4	7	MALE	H3K1B3	I	41°C	2
4	39	4	41	MAN	H1Z2J3	I	106F	2
12	43	4	3	H	H3M	I	42	4
9	29	4	48	HOMME	H2K 1N8	I	40.0	1
0	21	4	62	M	H3B	I	106°F	3
1	12	4	58	H	H1T	D	0	2
5	26	4	50	HOMME	H2T 1G9	I	41,0	3
8	5	4	56	MALE	H2G1X1	I	39.7°C	7
4	15	4	1	BOY	H1T3S4	I	103F	6
10	16	4	67	HOMME	H1T1N9	I	101°F	6
8	23	4	58	MALE	H2L3L8	I	41°C	5
7	19	4	0	FEMME	H2G2M8	I	39,9C	4
1	27	4	53	H	H3B	I	39°C	2
2	45	4	23	FEMME	H1V3L5	I	39,0 C	4
2	30	4	80	FEMME	H3W2M6	I	40,0 C	3
10	17	4	20	HOMME	H3B2C9	I	100,4°F	2
0	18	4	6	F	H1M	I	100°F	5
4	41	4	25	MAN	H2G1G5	I	100F	2
0	46	4	53	F	H3K	I	106°F	3
1	7	4	66	H	H1T	I	38°C	6
8	8	4	17	MALE	H1W1W2	D	N/A	4
4	40	4	12	BOY	H2C3E2	I	104F	5
4	36	4	25	WOMAN	H3B4H9	I	106F	2
1	38	4	21	H	H3K	I	41°C	2
3	14	4	2	FEMME	H1Y 3A5	I	104	4
10	0	4	82	HOMME	H2G1X6	I	103,2°F	6
13	35	4	75	M	H1W	I	39C	4
9	44	4	36	FEMME	H1L 5Z3	I	40.0	5
6	33	4	53	F	H3C	I	39C	3
13	25	4	12	M	H3B	I	39C	4
8	32	4	73	FEMALE	H1X3R2	I	39°C	3
7	24	4	78	HOMME	H2K3B1	I	40C	1
6	22	4	88	F	H1Y	I	39C	4
1	99	5	53	H	H2S	I	40°C	3
13	54	5	77	M	H3C	I	39C	1
13	20	5	52	F	H1T	I	40C	4
9	57	5	50	HOMME	H2K 3N4	I	40.0	4
4	107	5	33	WOMAN	H2K4H5	I	102F	3
1	74	5	41	H	H2K	I	40°C	1
9	3	5	5	HOMME	H2T 2H9	I	39.31	5
5	80	5	16	HOMME	H2G 2X1	I	40,0	4
2	16	5	67	HOMME	H1T1N9	I	34,5 C	7
10	87	5	51	FEMME	H2A2C6	I	100,4°F	3
1	27	5	53	H	H3B	I	39°C	3
7	85	5	15	FEMME	H1W2P7	I	39C	2
13	114	5	18	F	H1L	I	40C	3
4	97	5	66	MAN	H3C3P1	I	102F	3
11	34	5	40	HOMME	H1T3N5	I	103F	3
12	45	5	23	F	H1V	I	39	5
9	42	5	42	HOMME	H2Y 2K6	I	38.98	3
6	24	5	78	M	H2K	D	NA	2
13	90	5	41	F	H3C	I	40C	2
1	17	5	20	H	H3B	I	38°C	3
0	52	5	40	F	H3C	I	104°F	5
13	41	5	25	M	H2G	I	38C	3
12	104	5	62	H	H3P	I	39	1
5	77	5	41	FEMME	H2K 4S8	I	40,0	4
3	89	5	32	HOMME	H2A 2Z9	I	104	2
9	65	5	60	FEMME	H1X 1V1	I	40.0	2
11	59	5	40	HOMME	H3M1W2	I	102F	5
10	83	5	70	HOMME	H2M1Y4	I	102,2°F	3
2	64	5	32	HOMME	H1Z1V7	I	41,0 C	4
5	98	5	26	HOMME	H1Z 2E4	I	40,0	1
9	13	5	1	FEMME	H2C 1Z2	I	37.88	6
11	25	5	12	HOMME	H3B4S2	I	103F	5
0	53	5	73	M	H1Z	I	102°F	1
10	105	5	50	HOMME	H3C1P4	I	104°F	4
2	113	5	67	FEMME	H2C2Z7	I	39,0 C	3
13	32	5	73	F	H1X	I	39C	4
3	106	5	3	HOMME	H4A 3S6	I	102	1
11	46	5	53	FEMME	H3K1B3	D	N.A.	4
2	70	5	35	HOMME	H3N1V8	I	41,0 C	3
13	14	5	2	F	H1Y	I	41C	5
10	51	5	60	FEMME	H2K1P5	I	102,2°F	2
6	18	5	6	F	H1M	I	37C	6
3	86	5	3	HOMME	H3C 3P6	I	100	2
6	93	5	47	M	H1W	I	38C	5
12	68	5	0	F	H2V	I	40	5
13	58	5	62	M	H1M	I	39C	1
4	7	5	66	MAN	H1T3J8	I	101F	7
7	69	5	55	FEMME	H1W2E5	I	39C	1
13	101	5	40	F	H3N	I	39C	3
0	61	5	5	M	H1Z	I	104°F	5
4	11	5	77	MAN	H1W1V8	I	98F	6
6	15	5	1	M	H1T	I	41C	7
13	95	5	11	M	H3Z	I	41C	1
9	33	5	53	FEMME	H3C 5Y7	I	39.65	4
5	19	5	0	FEMME	H2G 2M8	I	39,18	5
2	0	5	82	HOMME	H2G1X6	I	39,9 C	7
13	109	5	56	M	H3W	I	41C	2
0	30	5	80	F	H3W	D	NA	4
1	56	5	3	F	H3G	I	39°C	3
12	22	5	88	F	H1Y	I	39	5
4	88	5	42	MAN	H1Z1V7	I	104F	4
13	94	5	48	F	H1Y	I	41C	5
7	31	5	7	HOMME	H3K1B3	D	N.A.	3
1	44	5	36	F	H1L	D	0	6
8	63	5	47	FEMALE	H2K2J4	I	41°C	1
0	50	5	36	M	H1W	I	102°F	1
7	62	5	8	HOMME	H2C2M3	I	39C	3
2	73	5	33	FEMME	H1L3G4	I	39,0 C	4
7	28	5	38	HOMME	H3C1T7	I	40C	6
2	96	5	53	HOMME	H2L2G2	I	42,0 C	2
2	23	5	58	HOMME	H2L3L8	D	N.A.	6
1	21	5	62	H	H3B	D	0	4
4	92	5	30	WOMAN	H3M2M3	I	106F	2
11	38	5	21	HOMME	H3K2X6	D	N.A.	3
6	40	5	12	M	H2C	D	NA	6
0	48	5	36	F	H1L	I	104°F	3
5	112	5	53	FEMME	H3C 1C8	I	40,0	5
8	60	5	35	MALE	H2G2B8	I	41°C	1
5	10	5	37	FEMME	H1W 3E4	I	39,05	3
12	76	5	27	H	H1Y	I	39	5
3	103	5	37	HOMME	H2V 4G9	I	102	1
9	49	5	47	FEMME	H2M 1W8	I	40.0	5
6	91	5	15	F	H1T	I	41C	4
3	26	5	50	HOMME	H2T 1G9	D	N.A.	4
13	84	5	27	F	H1M	I	40C	3
0	29	5	48	M	H2K	I	104°F	2
10	66	5	16	HOMME	H4J2B6	I	105,8°F	3
11	79	5	45	HOMME	H1M2Y7	I	102F	4
11	102	5	55	FEMME	H3C5S5	I	102F	2
11	55	5	71	FEMME	H1T2T7	I	102F	4
2	108	5	52	FEMME	H3K1K2	I	40,0 C	4
13	71	5	37	F	H3C	I	40C	4
7	2	5	25	FEMME	H2T2Y8	I	46,6C	5
2	67	5	53	HOMME	H2K3S8	I	39,0 C	2
1	35	5	75	H	H1W	I	38°C	5
1	36	5	25	F	H3B	D	0	3
3	5	5	56	HOMME	H2G 1X1	I	101	8
11	72	5	48	HOMME	H5A1M1	I	102F	4
11	110	5	63	HOMME	H3B4K4	I	102F	2
13	47	5	46	M	H3W	I	40C	3
0	75	5	31	F	H3W	I	104°F	2
2	43	5	3	HOMME	H3M1J8	D	N.A.	5
3	78	5	53	HOMME	H2L 1E3	I	104	1
13	37	5	57	F	H3S	I	37C	3
0	82	5	35	M	H1X	I	104°F	5
11	111	5	48	FEMME	H3C6V1	I	106F	2
2	81	5	31	HOMME	H3W2B1	I	41,0 C	5
8	100	5	3	MALE	H1C1G3	I	39°C	5
6	39	5	41	M	H1Z	I	38C	3
12	98	6	26	H	H1Z	D	0	2
7	18	6	6	FEMME	H1M1N8	I	36,4C	7
8	56	6	3	FEMALE	H3G1B9	I	38.2°C	4
13	182	6	70	M	H3L	I	42C	1
13	114	6	18	F	H1L	I	40C	4
9	101	6	40	FEMME	H3N 2P8	I	38.08	4
2	166	6	20	HOMME	H1Y3L4	I	39,0 C	4
2	207	6	16	FEMME	H2T1X1	I	39,0 C	5
10	71	6	37	FEMME	H3C1K6	D	NONAPPLICABLE	5
2	231	6	57	HOMME	H4C3M2	I	40,0 C	3
2	67	6	53	HOMME	H2K3S8	I	37,4 C	3
2	160	6	63	HOMME	H2L1H6	I	39,0 C	4
10	175	6	67	HOMME	H1K4J9	I	100,4°F	3
5	210	6	37	FEMME	H2C 2A7	I	40,0	1
1	193	6	78	H	H2K	I	40°C	4
6	96	6	53	M	H2L	D	NA	3
6	171	6	10	F	H1L	I	41C	1
9	148	6	27	FEMME	H2Y 1B5	I	42.0	1
7	212	6	17	HOMME	H2X2R1	I	39C	2
10	157	6	53	FEMME	H2V4A1	I	100,4°F	1
0	262	6	10	F	H3C	I	102°F	1
1	198	6	68	H	H1T	I	40°C	2
10	55	6	71	FEMME	H1T2T7	I	100,9°F	5
2	222	6	48	FEMME	H2X3G9	I	41,0 C	5
9	69	6	55	FEMME	H1W 2E5	I	38.4	2
8	189	6	51	FEMALE	H1C2K8	I	40°C	4
9	35	6	75	HOMME	H1W 3G3	I	37.69	6
11	146	6	53	HOMME	H3M3C2	I	102F	4
7	121	6	25	HOMME	H4B2K8	I	40C	2
10	136	6	40	FEMME	H1L1L8	I	102,2°F	4
13	7	6	66	M	H1T	I	39C	8
10	158	6	22	HOMME	H2K4B6	I	102,2°F	5
12	116	6	10	F	H2T	I	40	3
6	267	6	46	F	H1L	I	39C	2
9	66	6	16	HOMME	H4J 2B6	D	NON APPLICABLE	4
2	104	6	62	HOMME	H3P3N8	I	39,1 C	2
1	53	6	73	H	H1Z	I	39°C	2
1	226	6	88	H	H4E	I	39°C	4
1	168	6	37	F	H3N	I	41°C	3
9	199	6	31	FEMME	H3N 1R6	I	41.0	1
3	125	6	40	HOMME	H1L 6L6	I	102	4
13	140	6	51	M	H3W	I	39C	3
5	80	6	16	HOMME	H2G 2X1	D	NON APPLICABLE	5
6	17	6	20	M	H3B	I	40C	4
10	48	6	36	FEMME	H1L1M3	D	NONAPPLICABLE	4
2	253	6	60	HOMME	H3N2G3	I	40,0 C	2
0	29	6	48	M	H2K	I	101°F	3
1	178	6	40	H	H2G	I	39°C	5
6	41	6	25	M	H2G	I	40C	4
5	102	6	55	FEMME	H3C 5S5	I	39,23	3
4	37	6	57	WOMAN	H3S1M8	I	96F	4
2	142	6	51	FEMME	H2Y1T3	I	38,0 C	3
3	163	6	90	HOMME	H3L 1C2	I	102	1
12	123	6	12	H	H3C	I	39	1
7	3	6	5	HOMME	H2T2H9	I	38,5C	6
11	247	6	67	HOMME	H1M2G8	I	102F	2
3	150	6	62	FEMME	H4C 1R5	I	104	3
10	100	6	3	HOMME	H1C1G3	I	105,2°F	6
4	20	6	52	WOMAN	H1T2G9	I	105F	5
9	97	6	66	HOMME	H3C 3P1	I	38.55	4
13	219	6	43	F	H3G	I	40C	3
10	65	6	60	FEMME	H1X1V1	I	102,6°F	3
1	251	6	61	F	H1Y	I	38°C	2
3	271	6	80	HOMME	H1L 5X1	I	102	3
6	201	6	43	M	H4A	I	39C	5
1	134	6	66	H	H2L	I	38°C	5
0	126	6	42	F	H3K	I	102°F	4
3	54	6	77	HOMME	H3C 4T6	I	103	2
5	196	6	51	FEMME	H2P 1T3	I	40,0	3
12	164	6	70	F	H4J	I	39	3
0	156	6	78	F	H2C	I	104°F	4
11	224	6	72	FEMME	H1Y3N4	I	104F	3
10	85	6	15	FEMME	H1W2P7	I	106,8°F	3
8	239	6	28	FEMALE	H3L2J3	I	41°C	4
8	250	6	27	FEMALE	H1T3P7	I	39°C	1
0	42	6	42	M	H2Y	I	101°F	4
11	169	6	28	HOMME	H3N2G4	I	104F	1
5	135	6	2	HOMME	H1X 1K3	I	41,0	1
10	266	6	63	FEMME	H2T1X3	I	104°F	5
12	130	6	85	F	H1X	I	38	5
7	147	6	58	FEMME	H1Y2X6	I	39C	1
12	63	6	47	F	H2K	D	0	2
5	261	6	38	FEMME	H3N 2V2	I	40,0	3
12	249	6	58	H	H4E	I	40	3
8	225	6	57	FEMALE	H1V3N3	I	39°C	5
11	217	6	48	HOMME	H1E4J3	I	104F	3
13	58	6	62	M	H1M	I	38C	2
13	245	6	38	F	H1V	I	40C	3
8	0	6	82	MALE	H2G1X6	I	40.5°C	8
6	22	6	88	F	H1Y	I	39C	6
8	19	6	0	FEMALE	H2G2M8	I	39.7°C	6
3	139	6	36	FEMME	H2A 1S9	I	102	2
12	180	6	53	F	H2Y	I	39	5
11	184	6	12	FEMME	H3C1R3	I	104F	2
1	64	6	32	H	H1Z	I	40°C	5
7	151	6	7	FEMME	H3B1B3	I	39C	1
3	186	6	12	FEMME	H3L 2Z5	I	104	2
6	105	6	50	M	H3C	I	39C	5
10	159	6	60	HOMME	H2C3A4	I	100,4°F	2
5	233	6	43	FEMME	H1W 1P4	I	40,0	4
4	25	6	12	BOY	H3B4S2	I	106F	6
10	79	6	45	HOMME	H1M2Y7	I	99,9°F	5
11	203	6	76	FEMME	H1V3B9	I	106F	1
11	256	6	20	HOMME	H2L1S3	I	102F	2
9	246	6	12	FEMME	H3B 2B6	I	40.0	3
9	28	6	38	HOMME	H3C 1T7	I	39.96	7
8	197	6	57	MALE	H3T1K9	I	40°C	5
11	202	6	57	FEMME	H2X2B3	I	102F	4
3	60	6	35	HOMME	H2G 2B8	D	N.A.	2
13	45	6	23	F	H1V	I	37C	6
10	13	6	1	FEMME	H2C1Z2	I	102,3°F	7
12	235	6	25	F	H2A	I	40	5
11	232	6	58	HOMME	H1V2E4	I	102F	2
11	27	6	53	HOMME	H3B2L5	I	103F	4
7	137	6	7	HOMME	H2Z1Y5	I	40C	4
5	242	6	77	FEMME	H1W 2V4	I	40,0	1
11	264	6	18	HOMME	H3M1S2	I	104F	3
11	241	6	55	HOMME	H2K3N2	I	100F	5
4	34	6	40	MAN	H1T3N5	I	103F	4
8	205	6	31	FEMALE	H1V1V6	I	40°C	1
0	10	6	37	F	H1W	I	102°F	4
12	62	6	8	H	H2C	I	38	4
6	32	6	73	F	H1X	I	39C	5
13	248	6	55	M	H1M	I	39C	2
8	257	6	27	FEMALE	H1E1S1	I	41°C	2
8	115	6	36	FEMALE	H1T1H3	I	41°C	4
11	152	6	51	HOMME	H3K2C7	I	104F	4
7	153	6	7	FEMME	H4B2S3	I	39C	1
10	214	6	12	FEMME	H3X2K7	I	105,8°F	3
5	185	6	36	HOMME	H1E 6J7	I	40,0	3
8	206	6	62	FEMALE	H4C1A8	I	39°C	5
13	110	6	63	M	H3B	I	40C	3
10	119	6	5	HOMME	H3W3H2	I	102,2°F	2
0	177	6	13	M	H3Z	I	102°F	4
2	103	6	37	HOMME	H2V4G9	I	39,1 C	2
4	2	6	25	WOMAN	H2T2Y8	I	102F	6
4	122	6	36	MAN	H2R2G8	I	104F	5
5	268	6	3	HOMME	H2T 1T6	I	39,0	1
5	254	6	25	HOMME	H1T 2A9	I	39,0	4
0	132	6	26	M	H1K	I	102°F	2
1	84	6	27	F	H1M	I	39°C	4
6	183	6	11	F	H4E	I	40C	2
4	188	6	26	WOMAN	H1M1B7	I	106F	4
13	240	6	26	F	H3K	I	40C	2
13	15	6	1	M	H1T	I	41C	8
10	47	6	46	HOMME	H3W2T2	I	102,6°F	4
5	190	6	66	HOMME	H2N 1X2	I	40,0	3
3	170	6	36	FEMME	H4A 1W2	I	106	5
5	181	6	5	HOMME	H1L 1X4	I	39,0	5
2	194	6	58	HOMME	H1L2B9	I	39,0 C	4
8	167	6	28	MALE	H1Z1X1	I	40°C	1
11	52	6	40	FEMME	H3C5M4	D	N.A.	6
4	108	6	52	WOMAN	H3K1K2	D	N/A	5
8	165	6	53	MALE	H1W3Y7	I	39°C	3
6	39	6	41	M	H1Z	I	37C	4
4	145	6	30	MAN	H2Z1B7	I	102F	4
1	174	6	52	F	H3K	I	39°C	3
13	220	6	88	F	H4A	I	39C	1
5	127	6	46	HOMME	H1X 1W8	I	40,0	4
8	216	6	68	FEMALE	H3T1N1	I	40°C	1
2	255	6	60	FEMME	H1L1G5	I	40,0 C	5
9	113	6	67	FEMME	H2C 2Z7	I	40.61	4
9	155	6	45	FEMME	H3X 4B3	I	38.0	5
2	78	6	53	HOMME	H2L1E3	D	N.A.	2
11	75	6	31	FEMME	H3W1E7	I	104F	3
7	265	6	46	FEMME	H4E3M1	I	39C	3
4	118	6	68	WOMAN	H2C1X6	I	104F	4
4	236	6	62	MAN	H2N2J5	I	102F	1
1	230	6	32	H	H2X	I	40°C	4
2	192	6	5	HOMME	H3N2V5	I	40,0 C	5
7	72	6	48	HOMME	H5A1M1	I	38,7C	5
10	90	6	41	FEMME	H3C5H5	D	NONAPPLICABLE	3
1	195	6	60	H	H3C	I	40°C	5
13	120	6	38	M	H3S	I	39C	2
10	273	6	70	HOMME	H2L2P5	I	105,8°F	2
13	112	6	53	F	H3C	D	NA	6
11	143	6	52	HOMME	H3C5M4	I	104F	1
7	92	6	30	FEMME	H3M2M3	D	N.A.	3
13	149	6	63	F	H1C	I	39C	3
9	234	6	7	FEMME	H3M 2V2	I	41.0	4
3	50	6	36	HOMME	H1W 2R5	I	104	2
3	107	6	33	FEMME	H2K 4H5	I	100	4
13	11	6	77	M	H1W	I	37C	7
9	133	6	36	FEMME	H2T 1W4	I	40.0	3
13	74	6	41	M	H2K	D	NA	2
4	89	6	32	MAN	H2A2Z9	I	103F	3
4	106	6	3	BOY	H4A3S6	I	99F	2
0	73	6	33	F	H1L	I	102°F	5
6	260	6	10	F	H2M	I	38C	1
9	81	6	31	HOMME	H3W 2B1	D	NON APPLICABLE	6
11	91	6	15	FEMME	H1T1P2	D	N.A.	5
0	87	6	51	F	H2A	I	99°F	4
8	94	6	48	FEMALE	H1Y1Y5	D	N/A	6
7	179	6	23	FEMME	H4C2N8	I	39C	3
10	218	6	21	FEMME	H1Y3E8	I	104°F	4
0	272	6	3	F	H2A	I	102°F	1
5	131	6	50	HOMME	H3L 1R4	I	39,0	2
0	70	6	35	M	H3N	D	NA	4
0	237	6	43	F	H1X	I	102°F	4
1	99	6	53	H	H2S	D	0	4
9	172	6	18	FEMME	H1X 1B7	I	39.0	3
8	109	6	56	MALE	H3W1H5	D	N/A	3
6	274	6	46	M	H4E	I	40C	4
7	57	6	50	HOMME	H2K3N4	I	37,1C	5
5	244	6	65	FEMME	H3M 2Z2	I	40,0	4
0	209	6	0	F	H4J	I	106°F	4
8	138	6	55	FEMALE	H2V1M7	I	41°C	3
12	5	6	56	H	H2G	I	39	9
4	141	6	60	MAN	H2M1M9	I	102F	3
2	76	6	27	HOMME	H1Y2G3	I	36,5 C	6
0	51	6	60	F	H2K	I	102°F	3
6	221	6	15	M	H3L	I	39C	2
6	258	6	51	M	H1Z	I	38C	5
11	259	6	56	HOMME	H3J1Y8	I	102F	5
7	229	6	12	HOMME	H4A1R3	I	39C	4
3	144	6	45	FEMME	H2R 1N4	I	104	2
8	223	6	66	MALE	H2R1V3	I	40°C	4
3	173	6	2	FEMME	H2V 1C1	I	102	1
0	61	6	5	M	H1Z	I	101°F	6
6	213	6	45	F	H2K	I	41C	1
8	227	6	58	MALE	H2C2L1	I	39°C	4
7	263	6	57	HOMME	H2K3V7	I	40C	3
10	191	6	66	FEMME	H1W1Y8	I	105,8°F	2
13	83	6	70	M	H2M	I	40C	4
5	95	6	11	HOMME	H3Z 3J1	D	NON APPLICABLE	2
13	211	6	46	F	H3X	I	39C	1
3	16	6	67	HOMME	H1T 1N9	I	93	8
2	14	6	2	FEMME	H1Y3A5	D	N.A.	6
6	154	6	70	M	H1X	I	38C	4
10	77	6	41	FEMME	H2K4S8	D	NONAPPLICABLE	5
4	215	6	31	MAN	H1V3J1	I	102F	1
12	59	6	40	H	H3M	I	41	6
3	88	6	42	HOMME	H1Z 1V7	D	N.A.	5
12	33	6	53	F	H3C	I	41	5
12	252	6	8	F	0	I	40	4
7	270	6	26	HOMME	H2H1A8	I	39C	5
12	93	6	47	H	H1W	I	38	6
10	86	6	3	HOMME	H3C3P6	I	102,5°F	3
13	117	6	38	F	H2G	I	39C	1
11	82	6	35	HOMME	H1X1V5	D	N.A.	6
7	238	6	25	FEMME	H2G1R2	I	39C	2
12	162	6	35	H	H1W	I	40	4
6	128	6	30	M	H2P	I	39C	1
0	111	6	48	F	H3C	D	NA	3
11	208	6	81	FEMME	H1T2C9	I	106F	5
12	129	6	23	F	H3W	I	39	5
13	200	6	38	F	H3L	I	40C	4
7	269	6	56	HOMME	H2L5C2	I	40C	3
0	68	6	0	F	H2V	I	101°F	6
3	275	6	25	HOMME	H2H 1H9	I	102	4
10	187	6	56	HOMME	H4A2L8	I	104°F	2
9	204	6	65	HOMME	H2C 3K8	I	40.0	1
3	243	6	32	FEMME	H3B 3Z1	I	102	5
13	49	6	47	F	H2M	I	40C	6
3	228	6	36	FEMME	H2L 2J2	I	102	5
1	161	6	27	F	H2S	I	40°C	5
11	124	6	28	HOMME	H4K2E9	I	106F	3
10	176	6	8	HOMME	H4A1H5	I	105,8°F	1
4	420	7	8	BOY	H3H2T1	I	220F	4
8	64	7	32	MALE	H1Z1V7	I	43.2°C	6
13	553	7	36	M	H4E	I	102C	5
8	338	7	56	MALE	H2L1Y6	I	102.2°C	1
3	213	7	45	FEMME	H2K 2B9	D	N.A.	2
2	482	7	8	FEMME	H2W1T4	I	101,6 C	1
7	592	7	51	FEMME	H1N1C5	I	105,8C	4
0	199	7	31	F	H3N	D	NA	2
10	107	7	33	FEMME	H2K4H5	I	101,1°F	5
4	631	7	11	GIRL	H1N3A9	I	213F	2
4	567	7	22	WOMAN	H2L2V8	I	216F	5
7	646	7	66	HOMME	H2L1K6	I	102,2C	2
9	285	7	66	FEMME	H2C 3K9	I	103.6	4
8	195	7	60	MALE	H3C6P7	D	N/A	6
10	399	7	57	HOMME	H4E1W6	I	216,9°F	3
1	357	7	17	F	H1L	I	102°C	5
9	380	7	25	HOMME	H3S 2P4	I	102.4	4
13	488	7	12	F	H1E	I	107C	5
4	257	7	27	WOMAN	H1E1S1	I	104F	3
13	444	7	71	F	H2J	I	102C	4
0	466	7	50	F	H3X	I	223°F	4
10	588	7	50	FEMME	H1Z4A1	I	218,5°F	3
12	42	7	42	H	H2Y	I	37	5
0	559	7	51	M	H1X	I	215°F	1
5	116	7	10	FEMME	H2T 2K3	D	NON APPLICABLE	4
10	383	7	25	FEMME	H2A1K4	I	221,2°F	5
8	259	7	56	MALE	H3J1Y8	I	39.9°C	6
1	279	7	75	F	H1Z	I	103°C	3
6	155	7	45	F	H3X	I	39C	6
12	131	7	50	H	H3L	I	37	3
10	617	7	7	FEMME	H1N0A5	I	216,1°F	5
11	390	7	50	HOMME	H1E3M7	I	214F	4
0	568	7	31	F	H2G	I	216°F	4
5	125	7	40	HOMME	H1L 6L6	I	38,89	5
1	578	7	30	H	H1E	I	101°C	3
12	139	7	36	F	H2A	I	40	3
4	512	7	10	GIRL	H1E4Y3	I	215F	1
2	106	7	3	HOMME	H4A3S6	I	38,9 C	3
7	405	7	8	HOMME	H2S3M4	I	102,5C	4
6	115	7	36	F	H1T	D	NA	5
12	408	7	51	F	H1Y	I	103	3
11	644	7	8	HOMME	H2X3A7	I	218F	4
10	364	7	15	FEMME	H3C2W9	I	217°F	5
7	597	7	22	FEMME	H4C1C5	I	105C	3
12	356	7	80	F	H1E	I	102	3
10	314	7	21	HOMME	H1X3A1	I	221°F	5
12	190	7	66	H	H2N	I	39	4
13	430	7	63	M	H2L	I	104C	3
6	320	7	60	F	H1T	I	105C	2
7	245	7	38	FEMME	H1V2P7	D	N.A.	4
0	596	7	45	M	H4V	I	219°F	4
7	184	7	12	FEMME	H3C1R3	I	38,8C	3
4	401	7	40	MAN	H4B2S5	I	222F	4
8	188	7	26	FEMALE	H1M1B7	D	N/A	5
12	360	7	83	F	H2N	I	104	5
5	192	7	5	HOMME	H3N 2V5	I	39,15	6
4	173	7	2	GIRL	H2V1C1	I	101F	2
1	159	7	60	H	H2C	I	37°C	3
3	280	7	13	FEMME	H2A 1R2	I	219	1
11	0	7	82	HOMME	H2G1X6	I	106F	9
5	50	7	36	HOMME	H1W 2R5	I	41,93	3
7	460	7	32	FEMME	H4A1S2	I	103,1C	4
4	359	7	7	GIRL	H2W1K3	I	215F	2
9	217	7	48	HOMME	H1E 4J3	D	NON APPLICABLE	4
11	439	7	11	FEMME	H2J3Z7	I	221F	4
3	526	7	81	HOMME	H4C 1R4	I	218	3
2	608	7	2	FEMME	H3G2V1	I	101,4 C	2
2	302	7	36	HOMME	H2Y4A1	I	105,9 C	2
6	153	7	7	F	H4B	I	40C	2
9	494	7	15	HOMME	H4E 1Z8	I	106.3	2
9	625	7	41	HOMME	H1L 1T7	I	105.1	5
2	303	7	23	FEMME	H1T3K8	I	104,1 C	4
1	516	7	28	H	H2E	I	105°C	4
5	657	7	83	HOMME	H2A 3H1	I	103,6	2
4	536	7	70	MAN	H2H1C1	I	216F	2
7	55	7	71	FEMME	H1T2T7	I	36,8C	6
4	497	7	21	WOMAN	H3S2K1	I	221F	1
5	341	7	65	FEMME	H1N 3H7	I	102,0	5
8	67	7	53	MALE	H2K3S8	I	36.5°C	4
10	130	7	85	FEMME	H1X3B3	I	100,2°F	6
2	621	7	33	FEMME	H2X3M1	I	107,4 C	3
3	236	7	62	HOMME	H2N 2J5	I	100	2
0	637	7	1	F	H2H	I	221°F	1
3	208	7	81	FEMME	H1T 2C9	I	106	6
3	274	7	46	HOMME	H4E 1J8	I	103	5
5	306	7	32	HOMME	H3M 3A1	I	103,9	2
7	433	7	46	FEMME	H4B1X1	I	105,5C	4
12	438	7	1	H	H2S	I	102	1
11	329	7	33	FEMME	H1Z1W1	I	216F	2
10	403	7	13	HOMME	H2L3B5	I	215,4°F	3
3	603	7	53	HOMME	H3K 3G8	I	217	1
0	514	7	76	M	H2B	I	225°F	1
5	549	7	83	FEMME	H3N 1G1	I	101,1	5
0	368	7	7	F	H1W	I	215°F	4
3	319	7	48	FEMME	H4C 3E1	I	222	4
0	326	7	12	M	H1E	I	216°F	4
6	254	7	25	M	H1T	I	40C	5
1	451	7	51	F	H1N	I	105°C	5
9	447	7	57	FEMME	H3G 2C6	I	102.2	2
8	476	7	0	FEMALE	H1V1Y3	I	102.1°C	5
13	328	7	52	M	H2C	I	102C	1
3	546	7	33	HOMME	H4E 2G9	I	222	3
10	162	7	35	HOMME	H1W2N2	I	103,2°F	5
1	18	7	6	F	H1M	I	37°C	8
6	431	7	25	M	H2M	I	106C	2
11	286	7	68	HOMME	H1V2R5	I	225F	5
8	235	7	25	FEMALE	H2A1E6	D	N/A	6
13	296	7	23	M	H3T	I	101C	1
9	419	7	35	HOMME	H1W 3G4	I	101.3	3
3	470	7	66	HOMME	H2S 1Y4	I	215	4
3	253	7	60	HOMME	H3N 2G3	I	103	3
3	640	7	40	FEMME	H2P 1Z2	I	215	3
12	633	7	18	F	H2R	I	102	2
5	376	7	17	FEMME	H2S 1E1	I	102,5	5
10	219	7	43	FEMME	H3G2R7	D	NONAPPLICABLE	4
10	332	7	78	HOMME	H4E1T6	I	218,7°F	2
5	641	7	45	HOMME	H3C 6S6	I	102,8	4
12	118	7	68	F	H2C	D	0	5
6	647	7	63	M	H4P	I	105C	3
10	521	7	30	FEMME	H2W1E6	I	215,6°F	2
5	136	7	40	FEMME	H1L 1L8	I	39,0	5
2	119	7	5	HOMME	H3W3H2	I	37,9 C	3
13	243	7	32	F	H3B	I	38C	6
8	211	7	46	FEMALE	H3X2A1	I	39.8°C	2
2	606	7	51	FEMME	H2W1R9	I	102,9 C	3
0	537	7	38	F	H4V	I	217°F	3
6	513	7	20	M	H3V	I	104C	1
8	648	7	81	MALE	H3L1X9	I	104.6°C	4
13	160	7	63	M	H2L	I	37C	5
7	261	7	38	FEMME	H3N2V2	I	39,3C	4
9	201	7	43	HOMME	H4A 3N1	I	40.01	6
6	128	7	30	M	H2P	I	37C	2
7	423	7	42	FEMME	H4N2W3	I	103,2C	2
4	177	7	13	BOY	H3Z1J8	I	101F	5
9	543	7	7	FEMME	H2L 1C3	I	104.2	5
4	352	7	47	WOMAN	H2A3K7	I	220F	4
13	140	7	51	M	H3W	I	38C	4
10	334	7	41	HOMME	H2L1J7	I	218,7°F	4
4	579	7	63	WOMAN	H1V2W2	I	222F	2
11	230	7	32	HOMME	H2X2K2	D	N.A.	5
2	576	7	43	HOMME	H2X3B2	I	101,7 C	1
1	283	7	0	H	H2X	I	104°C	4
8	110	7	63	MALE	H3B4K4	I	37.4°C	4
0	86	7	3	M	H3C	I	101°F	4
12	481	7	3	H	H3G	I	105	1
6	605	7	0	F	H3W	I	104C	5
12	324	7	61	F	H2J	I	106	4
2	388	7	51	HOMME	H1X3G1	I	103,7 C	5
5	142	7	51	FEMME	H2Y 1T3	I	38,58	4
4	101	7	40	WOMAN	H3N2P8	I	102F	5
8	10	7	37	FEMALE	H1W3E4	I	39.3°C	5
9	5	7	56	HOMME	H2G 1X1	I	40.03	10
13	434	7	33	M	H1N	I	104C	3
0	179	7	23	F	H4C	I	102°F	4
9	377	7	26	FEMME	H1A 5J2	I	103.8	1
0	507	7	0	M	H4C	I	219°F	4
10	496	7	33	FEMME	H2L2A6	I	217,9°F	2
1	256	7	20	H	H2L	I	37°C	3
0	427	7	37	F	H1W	I	216°F	5
13	315	7	72	F	H2L	I	102C	1
3	490	7	61	HOMME	H2A 1X2	I	223	2
8	561	7	7	MALE	H4C2H1	I	103.4°C	1
1	491	7	6	H	H2A	I	107°C	3
7	630	7	68	FEMME	H1W1H3	I	102,5C	4
4	394	7	68	WOMAN	H3G1J5	I	213F	1
7	89	7	32	HOMME	H2A2Z9	I	40,4C	4
8	397	7	12	MALE	H3S2R8	I	104.1°C	4
8	571	7	82	MALE	H3L1Z6	I	102.9°C	5
12	435	7	12	H	H3N	I	103	3
11	258	7	51	HOMME	H1Z2G3	I	111F	6
10	293	7	66	FEMME	H3Y3K5	I	222,6°F	5
9	103	7	37	HOMME	H2V 4G9	I	37.36	3
4	358	7	73	MAN	H2A2X9	I	222F	1
11	3	7	5	HOMME	H2T2H9	I	102F	7
9	28	7	38	HOMME	H3C 1T7	I	40.73	8
10	312	7	33	FEMME	H1V2R3	I	216°F	2
1	255	7	60	F	H1L	D	0	6
3	422	7	51	FEMME	H1V 2R6	I	221	4
5	225	7	57	FEMME	H1V 3N3	I	40,6	6
4	586	7	68	WOMAN	H3W3J1	I	218F	1
4	263	7	57	MAN	H2K3V7	I	102F	4
0	506	7	81	M	H2B	I	220°F	3
13	534	7	7	M	H2K	I	104C	5
5	500	7	48	FEMME	H2L 1N6	I	103,2	4
0	406	7	91	M	H3C	I	216°F	1
12	337	7	82	F	H2P	I	103	4
5	629	7	47	FEMME	H3N 2B3	I	102,4	4
2	538	7	63	HOMME	H1E2S7	I	104,9 C	1
11	412	7	11	HOMME	H1L4J1	I	219F	4
12	635	7	55	H	H2A	I	104	2
13	628	7	47	M	H4J	I	103C	5
13	499	7	36	M	H4E	I	105C	3
9	381	7	21	HOMME	H3M 1L7	I	103.6	3
13	233	7	43	F	H1W	D	NA	5
6	554	7	51	F	H4N	I	104C	2
7	316	7	35	HOMME	H1E6N3	I	106,4C	2
2	295	7	55	FEMME	H1N1X4	I	105,6 C	3
5	623	7	42	HOMME	H3S 2B8	I	102,1	1
6	287	7	56	F	H2T	I	103C	2
8	468	7	33	MALE	H4P2E6	I	102°C	4
5	418	7	27	FEMME	H4B 2G8	I	104,4	1
13	79	7	45	M	H1M	I	37C	6
13	479	7	12	M	H2R	I	101C	1
0	97	7	66	M	H3C	I	102°F	5
9	300	7	68	HOMME	H1A 2H8	I	107.4	3
7	267	7	46	FEMME	H1L4A7	I	39,3C	3
7	353	7	32	HOMME	H2H2J4	I	102,3C	3
3	626	7	16	HOMME	H4J 1G3	I	219	4
13	566	7	32	M	H2G	I	104C	1
2	53	7	73	HOMME	H1Z1K6	I	38,0 C	3
0	313	7	73	F	H1N	I	220°F	2
10	87	7	51	FEMME	H2A2C6	I	99,4°F	5
9	232	7	58	HOMME	H1V 2E4	I	40.34	3
9	148	7	27	FEMME	H2Y 1B5	D	NON APPLICABLE	2
5	524	7	37	FEMME	H5B 1B9	I	103,6	1
9	310	7	43	FEMME	H1X 2K2	I	102.1	3
5	222	7	48	FEMME	H2X 3G9	D	NON APPLICABLE	6
9	268	7	3	HOMME	H2T 1T6	I	39.96	2
7	416	7	68	FEMME	H1X2M1	I	102,7C	5
12	428	7	77	H	H2K	I	106	5
3	464	7	18	HOMME	H3G 1A7	I	219	4
5	519	7	11	HOMME	H1L 1Y4	I	102,0	2
2	493	7	30	FEMME	H2G1P3	I	103,7 C	4
6	436	7	46	M	H3L	I	105C	3
12	84	7	27	F	H1M	I	39	5
3	120	7	38	HOMME	H3S 1H5	I	105	3
0	348	7	18	F	H1L	I	214°F	2
5	425	7	13	FEMME	H2G 2S5	I	102,1	4
4	404	7	33	MAN	H1A4J6	I	214F	4
1	174	7	52	F	H3K	I	39°C	4
12	370	7	57	F	H3T	I	101	1
5	542	7	53	HOMME	H2Y 3Z7	I	105,2	1
3	393	7	12	HOMME	H2J 3W1	I	220	4
11	544	7	62	FEMME	H4B2R8	I	215F	4
13	164	7	70	F	H4J	I	37C	4
12	198	7	68	H	H1T	D	0	3
4	527	7	65	WOMAN	H1T1H3	I	215F	5
7	472	7	71	FEMME	H1N3C9	I	106C	2
5	304	7	70	FEMME	H2S 2S1	I	104,5	1
7	194	7	58	HOMME	H1L2B9	I	38,4C	5
0	584	7	12	F	H1K	I	222°F	5
10	260	7	10	FEMME	H2M1W6	I	99°F	2
11	169	7	28	HOMME	H3N2G4	D	N.A.	2
13	541	7	52	M	H1Z	I	103C	5
0	474	7	51	M	H3B	I	215°F	1
13	124	7	28	M	H4K	D	NA	4
3	345	7	55	HOMME	H1L 2W5	I	220	4
7	209	7	0	FEMME	H4J2A5	D	N.A.	5
6	655	7	60	M	H2X	I	102C	2
13	137	7	7	M	H2Z	D	NA	5
3	642	7	46	FEMME	H2E 1R4	I	217	2
0	389	7	57	F	H2A	I	218°F	2
0	656	7	52	F	NA	I	218°F	4
4	583	7	47	WOMAN	H2J1T5	I	215F	2
8	532	7	63	MALE	H2C2V4	I	104.5°C	5
4	504	7	0	GIRL	H2Y3Z1	I	218F	1
3	242	7	77	FEMME	H1W 2V4	D	N.A.	2
12	350	7	86	F	H3K	I	105	3
12	157	7	53	F	H2V	I	39	2
2	297	7	81	FEMME	H1E6A7	I	104,6 C	3
7	531	7	72	FEMME	H2L2H8	I	104,2C	4
1	581	7	1	H	H1V	I	104°C	5
13	16	7	67	M	H1T	I	32C	9
0	11	7	77	M	H1W	I	103°F	8
12	539	7	61	F	H2T	I	103	4
2	305	7	61	HOMME	H1N1N8	I	104,7 C	5
12	193	7	78	H	H2K	D	0	5
13	645	7	70	F	H4J	I	103C	2
5	517	7	15	FEMME	H1E 1Y5	I	104,8	2
8	39	7	41	MALE	H1Z2J3	I	39.8°C	5
12	407	7	7	F	H4C	I	104	3
3	318	7	16	HOMME	H2T 1R1	I	222	3
6	632	7	81	M	H3L	I	102C	1
2	187	7	56	HOMME	H4A2L8	I	38,7 C	3
11	365	7	38	FEMME	H3K3K7	I	217F	5
3	560	7	60	FEMME	H1Z 1H9	I	215	3
9	440	7	65	FEMME	H2K 3J6	I	102.0	1
10	311	7	62	FEMME	H3G2J7	I	218,3°F	2
11	291	7	42	FEMME	H2R1T6	I	220F	4
4	117	7	38	WOMAN	H2G2M5	I	104F	2
3	518	7	17	HOMME	H1K 4J5	I	217	3
0	421	7	62	M	H2C	I	215°F	5
1	620	7	7	F	H4A	I	102°C	2
11	298	7	31	HOMME	H3W2E1	I	215F	2
13	361	7	67	M	H2S	I	107C	2
6	530	7	47	M	H2L	I	105C	3
0	413	7	11	M	H3K	I	220°F	2
0	618	7	28	M	H1W	I	217°F	1
6	636	7	71	F	H2K	I	103C	5
0	485	7	83	M	H2E	I	216°F	2
11	271	7	80	HOMME	H1L5X1	I	99F	4
10	509	7	13	FEMME	H2S2T2	I	214,7°F	1
0	551	7	68	F	H4K	I	217°F	3
12	556	7	53	F	H3X	I	102	1
13	224	7	72	F	H1Y	D	NA	4
3	346	7	1	FEMME	H4K 2T7	I	216	2
13	555	7	2	F	H4K	I	104C	3
12	443	7	20	F	H3C	I	101	2
0	134	7	66	M	H2L	I	99°F	6
2	478	7	48	HOMME	H2K3P1	I	103,1 C	2
0	354	7	52	F	H1N	I	218°F	4
10	250	7	27	FEMME	H1T3P7	I	103,4°F	2
2	207	7	16	FEMME	H2T1X1	I	37,2 C	6
13	658	7	27	M	H3C	I	104C	4
10	180	7	53	FEMME	H2Y0A4	I	103,7°F	6
8	126	7	42	FEMALE	H3K2B7	I	39.3°C	5
8	344	7	51	FEMALE	H1W1E3	I	106.3°C	1
2	595	7	66	FEMME	H4E2P6	I	103,1 C	5
8	73	7	33	FEMALE	H1L3G4	I	38.6°C	6
5	382	7	10	FEMME	H3C 2G8	I	104,7	4
7	251	7	61	FEMME	H1Y2E6	I	37,1C	3
9	615	7	0	FEMME	H2S 2K3	I	102.5	5
9	523	7	21	HOMME	H2M 2H8	I	105.8	5
1	614	7	71	H	H1V	I	105°C	1
0	533	7	3	M	H2W	I	216°F	1
7	47	7	46	HOMME	H3W2T2	I	36,8C	5
6	32	7	73	F	H1X	I	39C	6
9	577	7	53	HOMME	H4C 2P9	I	101.9	5
0	562	7	61	F	H1E	I	216°F	1
8	564	7	33	FEMALE	H1A2J7	I	106°C	3
2	607	7	31	FEMME	H2J2T4	I	103,1 C	2
12	613	7	16	H	H2A	I	102	3
6	611	7	58	F	H2M	I	102C	4
13	247	7	67	M	H1M	I	40C	3
12	457	7	65	H	H3N	I	104	3
8	372	7	17	FEMALE	H3K1H7	I	103.2°C	3
4	85	7	15	GIRL	H1W2P7	I	106F	4
9	54	7	77	HOMME	H3C 4T6	I	39.01	3
10	158	7	22	HOMME	H2K4B6	I	106,9°F	6
8	594	7	30	FEMALE	H4V1J7	I	102.4°C	2
9	149	7	63	FEMME	H1C 1X2	I	38.17	4
5	278	7	46	FEMME	H1M 2E1	I	105,2	1
0	105	7	50	M	H3C	I	103°F	6
13	378	7	55	F	H3C	I	105C	4
8	147	7	58	FEMALE	H1Y2X6	I	39.2°C	2
6	121	7	25	M	H4B	D	NA	3
13	59	7	40	M	H3M	I	42C	7
5	133	7	36	FEMME	H2T 1W4	I	40,0	4
6	65	7	60	F	H1X	I	38C	4
0	282	7	50	M	H4B	I	214°F	3
5	51	7	60	FEMME	H2K 1P5	I	37,08	4
10	135	7	2	HOMME	H1X1K3	D	NONAPPLICABLE	2
3	622	7	26	HOMME	H2L 4E6	I	216	3
10	327	7	48	FEMME	H1L4G2	I	216,9°F	4
6	301	7	2	M	H1C	I	106C	3
11	249	7	58	HOMME	H4E4P7	I	103F	4
9	154	7	70	HOMME	H1X 1A4	I	37.26	5
10	454	7	16	HOMME	H4A2T5	I	218,5°F	2
11	593	7	46	FEMME	H1Y2V6	I	218F	4
4	234	7	7	GIRL	H3M2V2	D	N/A	5
11	69	7	55	FEMME	H1W2E5	I	100F	3
2	240	7	26	FEMME	H3K2N8	D	N.A.	3
10	580	7	12	FEMME	H2B2A5	I	215,8°F	3
13	132	7	26	M	H1K	I	38C	3
6	528	7	2	M	H2M	I	104C	2
9	238	7	25	FEMME	H2G 1R2	I	37.82	3
4	175	7	67	MAN	H1K4J9	I	98F	4
12	417	7	43	H	H1Z	I	104	5
13	569	7	33	F	H2Z	I	102C	5
12	400	7	40	F	H2C	I	104	3
0	172	7	18	F	H1X	I	100°F	4
3	220	7	88	FEMME	H4A 1W5	I	101	2
0	246	7	12	F	H3B	I	103°F	4
13	441	7	21	F	H3C	I	102C	1
12	214	7	12	F	H3X	D	0	4
9	200	7	38	FEMME	H3L 1M4	D	NON APPLICABLE	5
4	395	7	68	WOMAN	H4N3E4	I	224F	4
0	557	7	46	F	H1N	I	219°F	5
10	37	7	57	FEMME	H3S1M8	I	93,4°F	5
5	450	7	43	FEMME	H3H 1Y5	I	101,7	2
9	183	7	11	FEMME	H4E 3Z4	D	NON APPLICABLE	3
9	141	7	60	HOMME	H2M 1M9	I	39.11	4
13	336	7	52	F	H1X	I	103C	4
5	333	7	53	FEMME	H2B 1L2	I	106,7	5
3	429	7	55	HOMME	H1M 2P9	I	218	4
1	467	7	46	F	H2J	I	105°C	1
2	49	7	47	FEMME	H2M1W8	I	41,1 C	7
6	237	7	43	F	H1X	I	40C	5
2	529	7	48	FEMME	H4C1N7	I	102,3 C	1
4	161	7	27	WOMAN	H2S2N3	D	N/A	6
4	308	7	20	MAN	H1K4A8	I	222F	3
6	649	7	68	M	H1E	I	102C	4
9	170	7	36	FEMME	H4A 1W2	D	NON APPLICABLE	6
4	651	7	31	WOMAN	H3S2W2	I	216F	4
2	550	7	52	FEMME	H3B1M1	I	103,3 C	3
0	100	7	3	M	H1C	I	102°F	7
12	228	7	36	F	H2L	I	38	6
11	277	7	77	HOMME	H3K2V3	I	222F	3
5	473	7	35	FEMME	H3H 1A9	I	102,1	1
13	424	7	1	F	H1X	I	105C	3
4	660	7	55	MAN	H2L1S4	I	215F	5
1	264	7	18	H	H3M	I	37°C	4
7	489	7	36	FEMME	H3J1Y2	I	105,4C	5
13	461	7	67	M	H1V	I	103C	4
1	270	7	26	H	H2H	I	37°C	6
2	15	7	1	HOMME	H1T3S4	D	N.A.	9
12	204	7	65	H	H2C	I	40	2
11	122	7	36	HOMME	H2R2G8	D	N.A.	6
6	186	7	12	F	H3L	D	NA	3
7	604	7	47	FEMME	H1C2J6	I	102,8C	2
0	487	7	22	F	H2C	I	218°F	5
5	231	7	57	HOMME	H4C 3M2	I	38,7	4
10	163	7	90	HOMME	H3L1C2	I	103°F	2
6	355	7	37	M	H1T	I	103C	2
7	167	7	28	HOMME	H1Z1X1	I	40C	2
5	152	7	51	HOMME	H3K 2C7	D	NON APPLICABLE	5
2	93	7	47	HOMME	H1W1J6	I	38,6 C	7
10	442	7	35	FEMME	H1A1K4	I	215,1°F	4
0	20	7	52	F	H1T	I	103°F	6
8	165	7	53	MALE	H1W3Y7	I	39.3°C	4
8	342	7	47	MALE	H3Y2G7	I	104.5°C	4
13	477	7	73	M	H3K	I	101C	5
13	448	7	55	F	H1L	I	104C	1
7	469	7	61	FEMME	H1T2P8	I	106,2C	3
6	284	7	51	F	H2C	I	104C	1
13	75	7	31	F	H3W	I	40C	4
0	13	7	1	F	H2C	I	101°F	8
11	502	7	48	FEMME	H3S2K9	I	221F	4
5	248	7	55	HOMME	H1M 1K5	I	38,99	3
0	19	7	0	F	H2G	I	102°F	7
6	589	7	37	F	H2S	I	104C	2
10	498	7	37	FEMME	H4A2T6	I	220,6°F	2
0	41	7	25	M	H2G	I	110°F	5
1	465	7	38	F	H1N	I	102°C	5
6	76	7	27	M	H1Y	I	35C	7
11	558	7	22	FEMME	H2Y2T2	I	218F	3
11	495	7	82	HOMME	H1Y3K5	I	214F	4
4	281	7	43	WOMAN	H4K2K6	I	220F	3
9	385	7	26	HOMME	H2X 2W8	I	101.9	2
7	150	7	62	FEMME	H4C1R5	I	39,8C	4
8	176	7	8	MALE	H4A1H5	D	N/A	2
3	627	7	76	FEMME	H1E 1B5	I	219	4
12	572	7	23	F	H3C	I	102	4
11	299	7	30	HOMME	H1L4M1	I	216F	4
2	57	7	50	HOMME	H2K3N4	I	37,7 C	6
3	212	7	17	HOMME	H2X 2R1	I	101	3
12	462	7	31	F	H4E	I	105	1
10	585	7	48	HOMME	H1K2M3	I	214,7°F	4
1	458	7	58	F	H2A	I	105°C	3
4	218	7	21	WOMAN	H1Y3E8	D	N/A	5
0	455	7	12	F	H1Y	I	218°F	1
0	288	7	75	F	H3S	I	218°F	4
11	573	7	0	HOMME	H2H2R6	I	217F	5
8	178	7	40	MALE	H2G2L3	I	38.4°C	6
9	273	7	70	HOMME	H2L 2P5	D	NON APPLICABLE	3
1	409	7	60	F	H1T	I	104°C	2
10	290	7	46	FEMME	H3C0C3	I	214,9°F	4
13	2	7	25	F	H2T	I	38C	7
12	634	7	37	H	H1C	I	103	4
13	391	7	48	F	H3W	I	106C	3
2	373	7	41	HOMME	H3N1E6	I	105,5 C	3
6	330	7	22	F	H4P	I	106C	4
8	45	7	23	FEMALE	H1V3L5	I	37°C	7
12	582	7	30	H	H3N	I	104	4
8	191	7	66	FEMALE	H1W1Y8	D	N/A	3
0	432	7	41	F	H2K	I	223°F	3
3	294	7	38	HOMME	H2H 1E9	I	217	4
5	343	7	51	HOMME	H2W 2S1	I	104,9	2
3	638	7	23	HOMME	H1M 2H4	I	223	4
2	643	7	77	FEMME	H4E1L2	I	102,8 C	4
11	127	7	46	HOMME	H1X1W8	I	99F	5
13	252	7	8	F	NA	I	40C	5
6	83	7	70	M	H2M	I	41C	5
8	323	7	83	MALE	H4C3P8	I	104.3°C	2
2	624	7	21	FEMME	H1Z3C9	I	103,1 C	4
3	168	7	37	FEMME	H3N 2M9	I	104	4
2	650	7	81	FEMME	H1L5S7	I	103,2 C	3
12	7	7	66	H	H1T	I	39	9
9	369	7	75	FEMME	H1K 4M9	I	103.3	3
5	202	7	57	FEMME	H2X 2B3	I	37,5	5
2	104	7	62	HOMME	H3P3N8	I	39,7 C	3
6	547	7	36	M	H3B	I	106C	5
13	548	7	16	F	H2M	I	103C	2
4	144	7	45	WOMAN	H2R1N4	D	N/A	3
12	619	7	7	H	H2L	I	107	2
5	166	7	20	HOMME	H1Y 3L4	I	40,52	5
13	616	7	81	F	H4K	I	102C	4
13	463	7	17	F	H1W	I	102C	2
1	307	7	43	H	H1M	I	106°C	3
3	410	7	82	FEMME	H1C 0A1	I	216	3
5	565	7	65	FEMME	H1V 1W3	I	102,7	2
10	610	7	3	HOMME	H2R3B1	I	216°F	1
3	387	7	42	FEMME	H1E 2B9	I	217	2
7	362	7	33	HOMME	H2J2R8	I	102,9C	3
9	322	7	11	FEMME	H3T 1W7	I	102.8	2
5	386	7	30	FEMME	H3N 1X7	I	103,8	2
4	652	7	56	WOMAN	H2E2C4	I	220F	4
1	223	7	66	H	H2R	I	39°C	5
8	471	7	7	MALE	H2L4E6	I	101.9°C	2
10	146	7	53	HOMME	H3M3C2	I	101,3°F	5
3	216	7	68	FEMME	H3T 1N1	D	N.A.	2
3	317	7	46	HOMME	H4B 1L9	I	218	2
7	113	7	67	FEMME	H2C2Z7	I	40,6C	5
5	375	7	20	GENDERQUEER	H4E 1R3	I	102,2	1
2	540	7	56	HOMME	H2Y1G3	I	102,4 C	2
5	34	7	40	HOMME	H1T 3N5	I	39,06	5
13	609	7	22	F	H3K	I	102C	3
3	339	7	76	FEMME	H1X 2K2	I	217	3
5	244	7	65	FEMME	H3M 2Z2	I	39,77	5
13	503	7	45	M	H3M	I	105C	1
0	325	7	30	F	H2R	I	215°F	5
8	35	7	75	MALE	H1W3G3	I	36.4°C	7
11	505	7	62	FEMME	H4J1S1	I	224F	5
1	511	7	43	H	H1W	I	102°C	1
4	590	7	16	MAN	H2A3K5	I	215F	4
9	392	7	6	HOMME	H1C 1X2	I	104.4	5
10	653	7	81	FEMME	H3K2H3	I	216°F	3
12	639	7	13	H	H1Y	I	104	5
9	33	7	53	FEMME	H3C 5Y7	I	41.61	6
1	396	7	52	H	H2M	I	106°C	4
8	575	7	50	MALE	H2J4A7	I	102.5°C	2
10	182	7	70	HOMME	H3L3H1	D	NONAPPLICABLE	2
6	347	7	15	F	H2X	I	101C	5
1	340	7	62	H	H2X	I	105°C	5
12	363	7	43	H	H1E	I	102	5
2	266	7	63	FEMME	H2T1X3	D	N.A.	6
13	289	7	31	M	H1A	I	102C	4
10	515	7	8	FEMME	H2M2B9	I	221,4°F	2
12	367	7	11	F	H1L	I	102	5
6	206	7	62	F	H4C	I	40C	6
13	227	7	58	M	H2C	I	38C	5
4	226	7	88	MAN	H4E1A7	I	101F	5
13	525	7	67	F	H1V	I	103C	3
9	143	7	52	HOMME	H3C 5M4	I	38.41	2
0	480	7	7	F	H2A	I	219°F	2
12	265	7	46	F	H4E	I	39	4
12	654	7	18	F	H3K	I	105	4
4	501	7	48	WOMAN	H2B2L7	I	219F	2
3	601	7	60	HOMME	H1T 1W8	I	218	1
2	215	7	31	HOMME	H1V3J1	I	37,0 C	2
9	563	7	65	FEMME	H1N 1G3	I	100.7	2
11	445	7	12	HOMME	H4A2V4	I	223F	3
3	446	7	62	FEMME	H1V 3S8	I	222	1
6	102	7	55	F	H3C	I	39C	4
1	508	7	52	H	H3M	I	102°C	5
12	492	7	41	H	H2Z	I	102	2
4	437	7	36	WOMAN	H2J2M4	I	214F	5
1	27	7	53	H	H3B	I	38°C	5
9	239	7	28	FEMME	H3L 2J3	D	NON APPLICABLE	5
9	414	7	40	HOMME	H1E 2A4	I	101.3	1
4	449	7	20	MAN	H3V1H7	I	219F	5
9	384	7	78	FEMME	H1Y 2Y9	I	101.4	3
6	221	7	15	M	H3L	I	38C	3
3	535	7	23	HOMME	H2E 1J2	I	220	5
2	151	7	7	FEMME	H3B1B3	I	39,3 C	2
13	351	7	67	F	H3L	I	106C	1
11	181	7	5	HOMME	H1L1X4	I	108F	6
2	25	7	12	HOMME	H3B4S2	I	43,2 C	7
13	269	7	56	M	H2L	I	39C	4
5	62	7	8	HOMME	H2C 2M3	I	41,65	5
12	205	7	31	F	H1V	D	0	2
10	591	7	70	FEMME	H3J1B2	I	216,5°F	5
6	72	7	48	M	H5A	I	39C	6
3	129	7	23	FEMME	H3W 1Z1	I	101	6
13	379	7	25	F	H1Z	I	101C	4
8	156	7	78	FEMALE	H2C1H5	I	37.9°C	5
4	374	7	30	WOMAN	H2L1S7	I	215F	1
3	22	7	88	FEMME	H1Y 3C8	I	103	7
3	612	7	71	FEMME	H1X 1Y2	I	216	5
9	197	7	57	HOMME	H3T 1K9	D	NON APPLICABLE	6
7	486	7	33	HOMME	H2V2A1	I	106,5C	3
10	520	7	11	FEMME	H1N1M7	I	218,3°F	1
3	545	7	73	FEMME	H2G 1E8	I	216	1
12	138	7	55	F	H2V	D	0	4
8	275	7	25	MALE	H2H1H9	I	37.8°C	5
1	276	7	7	F	H1X	I	103°C	2
2	189	7	51	FEMME	H1C2K8	I	39,5 C	5
7	229	7	12	HOMME	H4A1R3	I	39,2C	5
12	366	7	12	F	H1E	I	103	5
2	292	7	48	HOMME	H4K1E2	I	104,1 C	2
5	415	7	62	FEMME	H4E 4N7	I	101,4	3
6	171	7	10	F	H1L	D	NA	2
5	426	7	66	HOMME	H2K 1V9	I	103,6	1
9	453	7	40	HOMME	H2B 3C3	I	102.5	1
13	483	7	57	F	H3B	I	103C	1
6	335	7	27	F	H2N	I	101C	3
9	371	7	73	HOMME	H2R 1X7	I	101.4	4
9	522	7	15	FEMME	H3H 1M4	I	105.6	4
10	602	7	16	HOMME	H3B5J8	I	217,8°F	4
5	598	7	83	FEMME	H1L 5M4	I	103,4	2
5	321	7	17	FEMME	H2L 5C2	I	103,8	2
6	262	7	10	F	H3C	I	39C	2
10	475	7	1	FEMME	H2L3H7	I	218,3°F	2
2	349	7	37	FEMME	H4E3R6	I	102,7 C	3
13	587	7	51	F	H1M	I	106C	3
11	510	7	7	FEMME	H2W1L5	I	223F	4
9	398	7	22	FEMME	H1W 3E5	I	103.7	1
13	58	7	62	M	H1M	I	40C	3
9	309	7	26	FEMME	H2W 2R8	I	104.3	3
3	574	7	2	HOMME	H1B 3A9	I	218	3
8	331	7	46	MALE	H4C1W6	I	102.7°C	2
4	210	7	37	WOMAN	H2C2A7	D	N/A	2
9	203	7	76	FEMME	H1V 3B9	D	NON APPLICABLE	2
1	402	7	5	F	H1V	I	102°C	1
1	272	7	3	F	H2A	I	38°C	2
4	600	7	83	MAN	H3M2Y9	I	218F	3
11	452	7	26	FEMME	H2T1E2	I	217F	4
6	241	7	55	M	H2K	I	37C	6
0	411	7	7	F	H1E	I	216°F	2
10	123	7	12	HOMME	H3C1S5	I	98,7°F	2
3	17	7	20	HOMME	H3B 2C9	I	104	5
12	456	7	58	F	H1T	I	104	4
12	68	7	0	F	H2V	I	39	7
2	61	7	5	HOMME	H1Z3C7	I	40,5 C	7
9	659	7	28	FEMME	H3L 1A5	I	104.0	4
6	484	7	7	F	H1L	I	103C	5
12	56	7	3	F	H3G	I	39	5
6	185	7	36	M	H1E	I	38C	4
6	29	7	48	M	H2K	I	37C	4
13	196	7	51	F	H2P	D	NA	4
6	114	7	18	F	H1L	I	39C	5
1	599	7	37	H	H4K	I	103°C	1
8	552	7	53	MALE	H4A3C7	I	104°C	5
8	570	7	37	MALE	H2Y2W3	I	105.1°C	1
1	145	7	30	H	H2Z	I	38°C	5
7	459	7	66	FEMME	H3K2P5	I	102,5C	4
8	518	8	17	MALE	H1K4J5	D	N/A	4
9	1390	8	22	HOMME	H3A 2H3	I	40.6	5
5	619	8	7	HOMME	H2L 4S3	D	NON APPLICABLE	3
1	1417	8	45	F	H2R	I	40°C	3
3	540	8	56	HOMME	H2Y 1G3	D	N.A.	3
1	201	8	43	H	H4A	I	40°C	7
12	1346	8	88	F	H1K	I	39	4
1	288	8	75	F	H3S	D	0	5
10	1181	8	46	FEMME	H2W1B9	I	104,7°F	1
7	543	8	7	FEMME	H2L1C3	D	N.A.	6
7	699	8	57	HOMME	H3C1Z9	I	39,4C	2
11	1510	8	90	FEMME	H3J1Y6	I	101F	5
0	1056	8	76	M	H2X	I	105°F	2
13	590	8	16	M	H2A	D	NA	5
12	980	8	81	F	H1V	I	39	1
9	1524	8	71	FEMME	H2M 2H8	I	39.4	5
13	1223	8	75	F	H4E	I	39C	5
1	1567	8	48	F	H1T	I	40°C	3
2	1297	8	60	FEMME	H2K2Y6	I	39,3 C	3
6	1243	8	66	F	H1W	I	42C	5
1	375	8	20	X	H4E	D	0	2
10	990	8	2	FEMME	H1E4J7	I	102,4°F	2
9	944	8	72	HOMME	H3V 1C8	I	40.3	1
0	72	8	48	M	H5A	I	101°F	7
4	1471	8	41	MAN	H2W1N6	I	102F	1
11	1306	8	80	HOMME	H1Y2A6	I	102F	5
7	756	8	41	HOMME	H1T3H2	I	40C	4
4	1257	8	18	MAN	H2G2Z8	I	104F	5
10	751	8	57	HOMME	H1E4Z8	I	105,3°F	3
9	1427	8	35	HOMME	H4P 2R2	I	40.9	4
3	554	8	51	FEMME	H4N 1G1	D	N.A.	3
0	724	8	10	F	H3L	I	103°F	4
9	989	8	52	FEMME	H4V 2W8	I	39.9	4
6	1153	8	38	M	H3S	I	40C	5
5	729	8	45	FEMME	H1W 1V4	I	39,3	1
12	269	8	56	H	H2L	I	41	5
9	897	8	8	HOMME	H2H 2S3	I	39.1	4
4	1057	8	50	MAN	H3L3P4	I	103F	1
10	142	8	51	FEMME	H2Y1T3	I	101,4°F	5
13	1178	8	41	M	H2J	I	42C	5
13	86	8	3	M	H3C	I	38C	5
7	237	8	43	FEMME	H1X3L2	I	40,2C	6
1	526	8	81	H	H4C	I	103°C	4
4	639	8	13	BOY	H1Y3G8	D	N/A	6
4	483	8	57	WOMAN	H3B5B1	D	N/A	2
8	1260	8	28	FEMALE	H2L3C3	I	41.1°C	3
12	913	8	52	H	H2A	I	39	4
13	215	8	31	M	H1V	I	37C	3
6	278	8	46	F	H1M	D	NA	2
8	849	8	60	MALE	H2E2P2	I	40.3°C	2
8	1312	8	42	MALE	H1X3P8	I	40.4°C	4
0	435	8	12	M	H3N	D	NA	4
1	226	8	88	H	H4E	I	36°C	6
8	1404	8	47	MALE	H2Y3N4	I	40.3°C	3
13	1529	8	67	F	H2C	I	39C	1
8	730	8	63	FEMALE	H1V1G3	I	40.6°C	1
11	424	8	1	FEMME	H1X2J5	D	N.A.	4
1	781	8	33	F	H1M	I	41°C	3
1	371	8	73	H	H2R	D	0	5
6	527	8	65	F	H1T	D	NA	6
0	915	8	57	M	H2C	I	105°F	2
3	397	8	12	HOMME	H3S 2R8	D	N.A.	5
9	1040	8	10	HOMME	H2V 4C7	I	39.9	4
2	499	8	36	HOMME	H4E1S6	D	N.A.	4
10	1122	8	37	FEMME	H2A3G3	I	106,5°F	4
12	1112	8	41	F	H3P	I	40	1
8	616	8	81	FEMALE	H4K1B7	D	N/A	5
11	933	8	56	HOMME	H4C1P4	I	104F	5
6	18	8	6	F	H1M	I	37C	9
3	359	8	7	FEMME	H2W 1K3	D	N.A.	3
11	1315	8	26	HOMME	H1E3R1	I	102F	4
3	916	8	17	HOMME	H2C 3A9	I	102	4
5	755	8	47	FEMME	H4A 1L1	I	39,4	5
9	1274	8	43	HOMME	H2V 2J9	I	39.1	4
5	505	8	62	FEMME	H4J 1S1	D	NON APPLICABLE	6
4	1028	8	56	MAN	H1M1M5	I	102F	3
0	722	8	1	F	H4E	I	104°F	2
8	1006	8	58	FEMALE	H2T3A2	I	38.1°C	1
13	1501	8	42	M	H2K	I	39C	4
6	1039	8	70	F	H2W	I	40C	5
1	102	8	55	F	H3C	I	39°C	5
5	588	8	50	FEMME	H1Z 4A1	D	NON APPLICABLE	4
4	297	8	81	WOMAN	H1E6A7	D	N/A	4
11	368	8	7	FEMME	H1W2Z6	D	N.A.	5
5	1287	8	31	FEMME	H3X 3R8	I	39,5	5
10	1020	8	61	HOMME	H1L1S2	I	102,4°F	2
11	1547	8	45	HOMME	H1L3N5	I	104F	1
2	654	8	18	FEMME	H3K2X4	D	N.A.	5
13	312	8	33	F	H1V	D	NA	3
4	1420	8	22	MAN	H2J1N9	I	103F	2
4	192	8	5	BOY	H3N2V5	I	101F	7
7	700	8	8	FEMME	H3C2V1	I	39,9C	3
9	1432	8	56	FEMME	H2L 3L4	I	39.1	3
4	1469	8	23	MAN	H2H1Y7	I	103F	2
13	1050	8	62	M	H1L	I	40C	4
0	626	8	16	M	H4J	D	NA	5
2	1053	8	61	FEMME	H1X2M9	I	39,6 C	1
1	1445	8	60	H	H1V	I	40°C	1
0	65	8	60	F	H1X	I	103°F	5
10	476	8	0	FEMME	H1V1Y3	D	NONAPPLICABLE	6
5	265	8	46	FEMME	H4E 3M1	I	39,46	5
4	831	8	63	WOMAN	H3L2N8	I	103F	5
13	1227	8	75	M	H1V	I	39C	3
8	746	8	63	FEMALE	H1W3H5	I	40.2°C	2
13	1518	8	41	M	H2X	I	40C	3
8	1129	8	22	FEMALE	H3N2P6	I	38.4°C	5
13	140	8	51	M	H3W	I	37C	5
12	452	8	26	F	H2T	D	0	5
10	725	8	46	FEMME	H2A3H1	I	106,2°F	2
4	1528	8	32	MAN	H3X3V3	I	104F	2
1	882	8	23	H	H1L	I	42°C	2
7	378	8	55	FEMME	H3C4L9	D	N.A.	5
6	670	8	43	F	H3N	I	40C	4
3	53	8	73	HOMME	H1Z 1K6	I	102	4
6	648	8	81	M	H3L	D	NA	5
5	263	8	57	HOMME	H2K 3V7	I	39,57	5
5	389	8	57	FEMME	H2A 2B5	D	NON APPLICABLE	3
3	1152	8	15	FEMME	H3A 3K1	I	104	2
3	844	8	35	HOMME	H1N 1B2	I	103	5
5	19	8	0	FEMME	H2G 2M8	I	38,22	8
11	477	8	73	HOMME	H3K1X5	D	N.A.	6
11	282	8	50	HOMME	H4B2A7	D	N.A.	4
6	1456	8	20	M	H4V	I	41C	2
7	1447	8	2	HOMME	H3L2J4	I	38,8C	1
13	5	8	56	M	H2G	I	41C	11
3	405	8	8	HOMME	H2S 3M4	D	N.A.	5
13	103	8	37	M	H2V	I	38C	4
10	1504	8	67	HOMME	H2K4K8	I	101,7°F	5
8	1073	8	52	FEMALE	H1C2L5	I	41.5°C	4
4	552	8	53	MAN	H4A3C7	D	N/A	6
6	1033	8	56	F	H3K	I	40C	3
0	500	8	48	F	H2L	D	NA	5
2	335	8	27	FEMME	H2N1S5	D	N.A.	4
12	370	8	57	F	H3T	D	0	2
1	1335	8	41	H	H1X	I	40°C	3
3	1508	8	40	FEMME	H4P 1Z2	I	103	3
13	824	8	52	M	H3C	I	39C	5
4	1007	8	1	BOY	H1E1Z9	I	102F	5
2	85	8	15	FEMME	H1W2P7	I	39,1 C	5
3	1235	8	60	FEMME	H2P 1Y6	I	106	2
4	1175	8	43	WOMAN	H2S1Y6	I	106F	4
0	507	8	0	M	H4C	D	NA	5
5	532	8	63	HOMME	H2C 2V4	D	NON APPLICABLE	6
12	1380	8	91	H	H1T	I	39	2
10	1487	8	23	HOMME	H1Y3M5	I	106,9°F	5
1	996	8	70	H	H1N	I	39°C	3
2	676	8	65	FEMME	H2A1E2	I	39,1 C	3
4	400	8	40	WOMAN	H2C2J7	D	N/A	4
9	1363	8	42	HOMME	H1Z 3P1	I	38.8	3
4	220	8	88	WOMAN	H4A1W5	I	101F	3
11	1011	8	45	HOMME	H4C1R6	I	104F	2
1	610	8	3	H	H2R	D	0	2
3	434	8	33	HOMME	H1N 3L7	D	N.A.	4
6	259	8	56	M	H3J	I	38C	7
8	1355	8	10	FEMALE	H3N2J5	I	39.1°C	4
4	1253	8	35	MAN	H1M1M4	I	104F	2
3	1302	8	18	FEMME	H1W 3E2	I	101	5
8	1491	8	61	FEMALE	H3C4P2	I	39.1°C	1
4	1476	8	70	WOMAN	H2R2E3	I	102F	1
9	846	8	57	HOMME	H2P 2E6	I	38.8	3
10	1406	8	53	FEMME	H2E2H9	I	103,3°F	4
13	1506	8	27	F	H1X	I	39C	3
3	482	8	8	FEMME	H2W 1T4	D	N.A.	2
4	1188	8	67	WOMAN	H3K3G6	I	106F	2
4	457	8	65	MAN	H3N2M8	D	N/A	4
13	136	8	40	F	H1L	I	38C	6
11	1063	8	47	FEMME	H2L3M8	I	103F	5
12	840	8	27	F	H4A	I	39	5
0	522	8	15	F	H3H	D	NA	5
2	358	8	73	HOMME	H2A2X9	D	N.A.	2
3	819	8	22	HOMME	H3Y 3K5	I	103	4
2	938	8	67	HOMME	H4E1S9	I	39,2 C	4
1	1059	8	30	F	H1N	I	39°C	3
9	664	8	17	HOMME	H3X 1V1	I	40.4	3
8	1119	8	46	MALE	H2X3C5	I	39.3°C	2
6	768	8	40	F	H2E	I	38C	3
11	1024	8	97	FEMME	H2X2Z7	I	103F	2
10	777	8	38	FEMME	H3Z1Y4	I	102,6°F	5
6	299	8	30	M	H1L	D	NA	5
1	1311	8	68	F	H2C	I	38°C	3
10	801	8	63	FEMME	H2L4H8	I	104,5°F	1
1	460	8	32	F	H4A	D	0	5
3	703	8	63	HOMME	H3B 5A7	I	103	1
11	1345	8	51	FEMME	H1Z2N3	I	102F	2
0	884	8	40	M	H1E	I	103°F	5
12	264	8	18	H	H3M	I	37	5
9	1293	8	23	HOMME	H2E 1C6	I	38.6	4
10	1224	8	32	HOMME	H2C2Y5	I	101,5°F	5
1	629	8	47	F	H3N	D	0	5
5	675	8	38	FEMME	H3G 2H6	I	39,7	1
11	1489	8	67	FEMME	H2Y1K3	I	103F	3
5	834	8	30	FEMME	H4V 2M6	I	38,7	2
2	1267	8	57	FEMME	H2T2R2	I	39,1 C	3
4	89	8	32	MAN	H2A2Z9	I	100F	5
11	860	8	50	FEMME	H3B1Y8	I	101F	4
0	101	8	40	F	H3N	I	100°F	6
2	950	8	10	HOMME	H2K1G3	I	38,9 C	5
1	1289	8	56	H	H1Z	I	40°C	5
9	1044	8	35	FEMME	H4J 1A6	I	38.8	5
3	592	8	51	FEMME	H1N 1C5	D	N.A.	5
2	1225	8	1	FEMME	N.A.	I	38,9 C	5
6	878	8	15	M	H1E	I	38C	2
7	1555	8	38	HOMME	H4V1T8	I	38,6C	3
12	467	8	46	F	H2J	D	0	2
0	633	8	18	F	H2R	D	NA	3
0	1543	8	41	F	H3S	I	101°F	3
0	1105	8	7	M	H1E	I	103°F	2
1	1166	8	2	F	H1W	I	40°C	3
9	1016	8	23	HOMME	H4C 1N5	I	40.2	3
10	945	8	8	HOMME	NON	I	INFECTÉ.104,5°F	4
2	971	8	37	HOMME	H3W3A8	I	38,4 C	1
2	531	8	72	FEMME	H2L2H8	D	N.A.	5
2	93	8	47	HOMME	H1W1J6	I	38,7 C	8
3	617	8	7	FEMME	H1N 0A5	D	N.A.	6
10	1563	8	41	HOMME	H2J1B1	I	102,6°F	1
1	994	8	50	H	H3J	I	40°C	2
10	739	8	55	HOMME	H1K4W4	I	102,7°F	3
4	1453	8	80	MAN	H1W2Y5	I	104F	5
8	1211	8	7	FEMALE	H1C1K6	I	41.5°C	3
9	693	8	42	FEMME	H1T 1N9	I	40.9	1
10	982	8	86	FEMME	H1T1Y4	I	102,6°F	2
11	786	8	36	FEMME	H3S2G8	I	103F	2
1	965	8	62	F	H2B	I	40°C	5
4	79	8	45	MAN	H1M2Y7	I	104F	7
2	1412	8	33	HOMME	H1M3H4	I	39,0 C	1
9	589	8	37	FEMME	H2S 1X9	D	NON APPLICABLE	3
10	1268	8	52	HOMME	H4C3G3	I	104,2°F	3
11	1446	8	11	HOMME	H1V3H6	I	105F	4
9	910	8	20	FEMME	H2Y 1A8	I	38.3	2
4	1068	8	73	MAN	H3C1L4	I	105F	3
11	166	8	20	HOMME	H1Y3L4	I	105F	6
10	1292	8	11	HOMME	H2E2K9	I	103,6°F	3
10	966	8	90	FEMME	H4E1G3	I	104°F	4
8	380	8	25	MALE	H3S2P4	D	N/A	5
9	1498	8	61	FEMME	H3K 2S8	I	40.4	3
12	1065	8	38	H	H4J	I	39	2
7	1463	8	22	HOMME	H1W1K3	I	38,9C	4
7	1521	8	57	FEMME	H3W2T5	I	38,8C	3
4	1022	8	41	MAN	H2L3C9	I	106F	1
7	506	8	81	HOMME	H2B1W1	D	N.A.	4
10	1146	8	27	FEMME	H4K2B9	I	104,7°F	5
10	604	8	47	FEMME	H1C2J6	D	NONAPPLICABLE	3
10	1066	8	60	HOMME	H4V1S8	I	104,9°F	2
13	547	8	36	M	H3B	D	NA	6
4	1097	8	25	MAN	H1V2J5	I	104F	1
10	1352	8	75	HOMME	H3M3B1	I	102,2°F	3
13	1405	8	36	F	H4N	I	39C	3
6	647	8	63	M	H4P	D	NA	4
5	47	8	46	HOMME	H3W 2T2	I	36,37	6
3	391	8	48	FEMME	H3W 1X1	D	N.A.	4
4	244	8	65	WOMAN	H3M2Z2	I	105F	6
3	889	8	21	FEMME	H2A 1C7	I	103	2
3	749	8	50	FEMME	H1T 2J1	I	102	3
4	418	8	27	WOMAN	H4B2G8	D	N/A	2
7	509	8	13	FEMME	H2S2T2	I	101,5C	2
8	181	8	5	MALE	H1L1X4	I	42.2°C	7
10	1036	8	6	FEMME	H2R1C7	I	107,1°F	2
9	189	8	51	FEMME	H1C 2K8	I	39.52	6
6	1046	8	20	M	H3S	I	40C	4
2	1283	8	26	HOMME	H1L1C6	I	38,7 C	4
1	1300	8	5	F	H2M	I	38°C	3
8	339	8	76	FEMALE	H1X2K2	D	N/A	4
5	1237	8	53	HOMME	H2B 2T6	I	40,0	1
7	836	8	23	HOMME	H4J1X5	I	40,2C	2
8	1048	8	50	MALE	H4A2B9	I	40.1°C	2
2	1371	8	83	FEMME	H2L2Z9	I	38,8 C	1
10	806	8	53	HOMME	H4E3G2	I	104,9°F	4
3	207	8	16	FEMME	H2T 1X1	I	96	7
5	1387	8	62	FEMME	H3M 1K1	I	38,9	3
9	665	8	60	FEMME	H3L 3H3	I	39.2	2
2	485	8	83	HOMME	H2E2V1	D	N.A.	3
11	787	8	32	FEMME	H2G2G3	I	103F	2
10	146	8	53	HOMME	H3M3C2	I	97,9°F	6
4	114	8	18	WOMAN	H1L2M3	I	101F	6
1	113	8	67	F	H2C	D	0	6
8	1165	8	17	MALE	H1X1W7	I	39.3°C	2
9	10	8	37	FEMME	H1W 3E4	I	39.92	6
8	1401	8	46	MALE	H1Z2S2	I	40.1°C	1
13	657	8	83	M	H2A	D	NA	3
9	863	8	0	HOMME	H3H 1R7	I	40.0	5
1	87	8	51	F	H2A	I	36°C	6
5	1386	8	16	FEMME	H2K 1H2	I	39,0	4
6	1313	8	70	M	H3L	I	40C	4
3	644	8	8	HOMME	H2X 3A7	D	N.A.	5
10	468	8	33	HOMME	H4P2E6	D	NONAPPLICABLE	5
12	599	8	37	H	H4K	D	0	2
10	839	8	58	HOMME	H2H1T5	I	102°F	1
1	694	8	8	F	H2G	I	40°C	1
4	1116	8	8	BOY	H2R1E4	I	104F	1
12	926	8	65	H	H1E	I	40	5
8	1145	8	17	FEMALE	H1T3Y6	I	40.3°C	1
13	284	8	51	F	H2C	D	NA	2
8	384	8	78	FEMALE	H1Y2Y9	D	N/A	4
13	1301	8	65	M	H2J	I	42C	5
2	1365	8	30	FEMME	H2P2V4	I	38,9 C	2
11	898	8	7	HOMME	H3L2A6	I	103F	3
5	1438	8	37	HOMME	H3A 1J5	I	39,8	2
3	820	8	70	HOMME	H4A 2H9	I	103	4
0	1331	8	65	F	H1E	I	103°F	1
2	659	8	28	FEMME	H3L1A5	I	104,0 C	5
7	1035	8	31	HOMME	H1T1Y4	I	38,4C	5
1	1316	8	37	H	H3L	I	41°C	4
4	1082	8	66	WOMAN	H2L4Y2	I	104F	3
5	551	8	68	FEMME	H4K 2E7	D	NON APPLICABLE	4
2	1232	8	7	HOMME	H1L2G2	I	40,8 C	3
12	1098	8	17	H	H1X	I	39	4
1	856	8	26	F	H1V	I	39°C	4
11	1182	8	47	HOMME	H1E2W3	I	106F	1
10	417	8	43	HOMME	H1Z3L1	D	NONAPPLICABLE	6
2	1333	8	32	FEMME	H2Y2S9	I	40,9 C	2
10	275	8	25	HOMME	H2H1H9	I	101,1°F	6
5	190	8	66	HOMME	H2N 1X2	I	39,35	5
12	1254	8	33	H	H1L	I	41	2
1	1461	8	42	H	H1T	I	39°C	1
4	968	8	42	MAN	H2J2X6	I	105F	4
7	992	8	37	FEMME	H2C2M4	I	40,9C	3
7	1364	8	30	FEMME	H2N1L9	I	39C	5
4	578	8	30	MAN	H1E7G5	D	N/A	4
1	1143	8	45	F	H1L	I	38°C	4
10	943	8	63	HOMME	H2E1J8	I	103,3°F	3
9	295	8	55	FEMME	H1N 1X4	D	NON APPLICABLE	4
0	979	8	83	M	H1Y	I	106°F	1
5	769	8	5	FEMME	H3N 1C3	I	40,3	2
5	711	8	37	HOMME	H2X 3N5	I	41,4	5
0	1536	8	35	M	H2R	I	104°F	1
8	486	8	33	MALE	H2V2A1	D	N/A	4
4	411	8	7	GIRL	H1E5A4	D	N/A	3
4	1458	8	46	WOMAN	H1Z1E8	I	102F	3
1	641	8	45	H	H3C	D	0	5
12	395	8	68	F	H4N	D	0	5
8	254	8	25	MALE	H1T2A9	I	39.1°C	6
7	653	8	81	FEMME	H3K2H3	D	N.A.	4
11	1344	8	60	HOMME	H1V1M6	I	102F	1
9	949	8	78	HOMME	H3H 1B9	I	40.7	4
4	742	8	43	MAN	H1E3Y4	I	101F	3
13	341	8	65	F	H1N	D	NA	6
7	232	8	58	HOMME	H1V2E4	I	38,9C	4
1	1229	8	47	F	H1Y	I	41°C	3
8	847	8	25	FEMALE	H1E6T6	I	38.2°C	5
5	1437	8	58	HOMME	H2H 2P6	I	39,7	5
10	34	8	40	HOMME	H1T3N5	I	106,9°F	6
13	313	8	73	F	H1N	D	NA	3
8	748	8	87	MALE	H3C4H5	I	39.7°C	4
2	428	8	77	HOMME	H2K1Z7	D	N.A.	6
3	763	8	50	HOMME	H3C 2P6	I	103	1
5	680	8	26	HOMME	H1T 2P8	I	38,6	4
2	64	8	32	HOMME	H1Z1V7	I	44,7 C	7
13	1356	8	28	M	H3W	I	42C	1
2	1526	8	78	HOMME	H1T2S8	I	39,1 C	2
12	1276	8	61	H	H2H	I	39	4
1	770	8	53	F	H2K	I	38°C	3
8	1209	8	32	FEMALE	H3K2A5	I	38.7°C	3
9	117	8	38	FEMME	H2G 2M5	I	40.0	3
4	444	8	71	WOMAN	H2J3G8	D	N/A	5
2	1085	8	3	HOMME	H3M1V7	I	41,3 C	2
10	1104	8	57	FEMME	H1N1Y2	I	101,8°F	5
3	356	8	80	FEMME	H1E 7E4	D	N.A.	4
12	970	8	31	H	H3B	I	41	2
0	248	8	55	M	H1M	I	103°F	4
7	249	8	58	HOMME	H4E4P7	I	37,3C	5
10	1272	8	42	HOMME	H2S1Y6	I	102,2°F	5
10	529	8	48	FEMME	H4C1N7	D	NONAPPLICABLE	2
12	514	8	76	H	H2B	D	0	2
12	1391	8	55	H	H1L	I	39	1
6	538	8	63	M	H1E	I	105C	2
0	754	8	31	M	H3C	I	102°F	5
0	1207	8	7	F	H1V	I	104°F	1
10	1443	8	61	FEMME	H2K3L7	I	105,1°F	2
5	1218	8	16	HOMME	H1E 4S6	I	40,3	3
13	1525	8	56	M	H2L	I	41C	4
0	160	8	63	M	H2L	I	95°F	6
0	351	8	67	F	H3L	D	NA	2
0	1015	8	33	M	H1L	I	104°F	3
6	940	8	70	M	H1Y	I	38C	3
2	1217	8	40	FEMME	H1Z1W1	I	38,9 C	3
4	984	8	37	WOMAN	H1V1J6	I	102F	5
9	740	8	0	FEMME	H1Z 3S4	I	39.8	2
6	1369	8	83	M	H1E	I	38C	2
1	128	8	30	H	H2P	I	35°C	3
3	227	8	58	HOMME	H2C 2L1	I	101	6
1	493	8	30	F	H2G	D	0	5
9	492	8	41	HOMME	H2Z 1M1	D	NON APPLICABLE	3
4	1566	8	55	WOMAN	H2T1K5	I	105F	5
5	1400	8	66	FEMME	H1L 4N7	I	40,2	1
10	1168	8	6	HOMME	H1N1S7	I	102,2°F	3
10	1118	8	1	FEMME	H3S2B6	I	103,8°F	2
4	141	8	60	MAN	H2M1M9	I	101F	5
13	927	8	47	M	H2C	I	38C	4
6	1325	8	27	M	H1L	I	40C	3
13	451	8	51	F	H1N	D	NA	6
4	853	8	32	MAN	H2S2K1	I	104F	1
2	465	8	38	FEMME	H1N2B3	D	N.A.	6
12	924	8	23	H	H2M	I	40	1
2	557	8	46	FEMME	H1N1E3	D	N.A.	6
2	1043	8	92	FEMME	H1L1Z1	I	39,9 C	2
9	153	8	7	FEMME	H4B 2S3	I	40.09	3
9	1418	8	75	FEMME	H4E 1R9	I	41.6	3
11	1049	8	45	FEMME	H1Z2Y1	I	102F	5
3	1265	8	36	HOMME	H4J 2R7	I	101	1
8	475	8	1	FEMALE	H2L3H7	D	N/A	3
10	1179	8	58	HOMME	H2W1V5	I	105,8°F	5
2	1410	8	56	HOMME	H2W1B6	I	40,3 C	4
13	1183	8	35	F	H4B	I	40C	5
13	1531	8	15	F	H3J	I	39C	4
13	560	8	60	F	H1Z	D	NA	4
12	1184	8	51	F	H2A	I	39	2
2	1569	8	32	HOMME	H2X3Z1	I	40,1 C	4
5	326	8	12	HOMME	H1E 1S7	D	NON APPLICABLE	5
4	1025	8	35	MAN	H2L4B9	I	103F	5
13	1340	8	18	M	H2K	I	38C	1
1	635	8	55	H	H2A	I	104°C	3
13	204	8	65	M	H2C	I	41C	3
10	325	8	30	FEMME	H2R2Z7	D	NONAPPLICABLE	6
5	387	8	42	FEMME	H1E 2B9	D	NON APPLICABLE	3
5	830	8	25	FEMME	H3A 3C2	I	39,0	2
8	1263	8	12	FEMALE	H3T2A2	I	38.7°C	4
7	1349	8	46	HOMME	H1X1S4	I	39,4C	1
12	1133	8	21	F	H3C	I	41	2
2	1517	8	67	HOMME	H3B4S5	I	40,0 C	1
13	1357	8	51	M	H1V	I	41C	3
10	62	8	8	HOMME	H2C2M3	I	106,6°F	6
1	667	8	33	F	H4J	I	41°C	3
5	281	8	43	FEMME	H4K 2K6	D	NON APPLICABLE	4
0	399	8	57	M	H4E	D	NA	4
13	1090	8	75	M	H4A	I	38C	5
8	291	8	42	FEMALE	H2R1T6	D	N/A	5
5	413	8	11	HOMME	H3K 3H7	D	NON APPLICABLE	3
12	315	8	72	F	H2L	D	0	2
10	935	8	28	FEMME	H1M1A8	I	103,6°F	1
0	157	8	53	F	H2V	I	100°F	3
4	765	8	35	WOMAN	H4E3R1	I	106F	5
9	952	8	35	HOMME	H3M 1E5	I	38.5	3
12	294	8	38	H	H2H	D	0	5
4	443	8	20	WOMAN	H3C1M1	D	N/A	3
8	661	8	26	MALE	H2L3P5	I	40.2°C	4
2	734	8	23	HOMME	H2A1J8	I	40,6 C	4
10	761	8	53	FEMME	H3B5E6	I	105,1°F	5
0	936	8	6	M	H2W	I	104°F	3
9	1570	8	71	HOMME	H2N 1G6	I	39.0	2
8	1542	8	17	MALE	H2M2J7	I	38.4°C	5
11	1203	8	51	FEMME	H1L5A7	I	101F	2
11	503	8	45	HOMME	H3M1W4	D	N.A.	2
8	866	8	28	FEMALE	H2L4B4	I	41.2°C	1
4	56	8	3	GIRL	H3G1B9	I	100F	6
2	258	8	51	HOMME	H1Z2G3	I	43,6 C	7
10	1212	8	40	HOMME	H2V2K2	I	103,8°F	2
10	37	8	57	FEMME	H3S1M8	I	92°F	6
8	872	8	1	MALE	H2Z1A2	I	40.1°C	3
9	1350	8	48	HOMME	H2J 3R2	I	40.8	2
8	1266	8	41	FEMALE	H2P1E1	I	40.2°C	4
5	714	8	31	HOMME	H4J 2J2	I	39,3	5
12	721	8	56	F	H4A	I	39	4
11	280	8	13	FEMME	H2A1R2	D	N.A.	2
11	757	8	75	HOMME	H4B1R6	I	102F	4
1	1549	8	42	F	H4A	I	42°C	1
5	1515	8	25	HOMME	H2B 1A1	I	39,5	2
8	975	8	58	FEMALE	H3N2Y3	I	39.4°C	4
9	1321	8	70	FEMME	H2Y 2L3	I	38.5	4
3	105	8	50	HOMME	H3C 1P4	I	103	7
3	1497	8	58	FEMME	H3S 1H2	I	103	2
12	852	8	20	H	H3J	I	40	1
10	373	8	41	HOMME	H3N1E6	D	NONAPPLICABLE	4
3	185	8	36	HOMME	H1E 6J7	I	100	5
11	1559	8	56	HOMME	H2G2R9	I	101F	4
12	932	8	1	H	H4C	I	40	3
1	487	8	22	F	H2C	D	0	6
6	875	8	7	F	H3G	I	39C	2
8	307	8	43	MALE	H1M2T9	D	N/A	4
3	828	8	21	FEMME	H1T 1N7	I	105	3
1	1540	8	0	F	H3W	I	40°C	4
10	1003	8	40	FEMME	H2P1S1	I	102,2°F	1
2	257	8	27	FEMME	H1E1S1	I	40,9 C	4
3	441	8	21	FEMME	H3C 5N5	D	N.A.	2
13	494	8	15	M	H4E	D	NA	3
13	106	8	3	M	H4A	I	37C	4
10	895	8	11	HOMME	H4C1P1	I	102,9°F	2
5	285	8	66	FEMME	H2C 3K9	D	NON APPLICABLE	5
6	1358	8	51	F	H4V	I	39C	3
4	1407	8	50	WOMAN	H3J2L2	I	105F	1
4	808	8	11	BOY	H1Y1L5	I	105F	1
13	1581	8	25	M	H2P	I	39C	4
0	1194	8	5	M	H3W	I	105°F	2
9	447	8	57	FEMME	H3G 2C6	D	NON APPLICABLE	3
1	697	8	2	H	H1W	I	39°C	1
11	1402	8	48	HOMME	H3A2Y7	I	101F	5
10	490	8	61	HOMME	H2A1X2	D	NONAPPLICABLE	3
10	110	8	63	HOMME	H3B4K4	I	98,1°F	5
2	1109	8	33	HOMME	H2L2H7	I	40,3 C	2
4	392	8	6	BOY	H1C1X2	D	N/A	6
7	1216	8	7	HOMME	H2G1G3	I	40,7C	4
7	154	8	70	HOMME	H1X1A4	I	37,3C	6
10	1451	8	58	FEMME	H3C1L4	I	103,6°F	4
1	379	8	25	F	H1Z	D	0	5
1	1117	8	16	F	H2R	I	39°C	5
5	623	8	42	HOMME	H3S 2B8	D	NON APPLICABLE	2
11	1017	8	53	HOMME	H2K4R5	I	103F	2
6	1317	8	50	F	H2V	I	40C	2
12	999	8	38	H	H2Y	I	40	2
2	1018	8	87	HOMME	H3X1T8	I	39,8 C	2
5	1342	8	57	HOMME	H2Y 3Z9	I	41,7	2
5	321	8	17	FEMME	H2L 5C2	D	NON APPLICABLE	3
6	403	8	13	M	H2L	D	NA	4
9	528	8	2	HOMME	H2M 2J5	D	NON APPLICABLE	3
3	833	8	11	HOMME	H4C 1K7	I	106	4
13	658	8	27	M	H3C	D	NA	5
10	1208	8	8	FEMME	H3C2C2	I	104,4°F	1
0	484	8	7	F	H1L	D	NA	6
0	194	8	58	M	H1L	I	102°F	6
1	1399	8	57	H	H4A	I	41°C	3
13	1061	8	43	M	H1Z	I	39C	2
11	57	8	50	HOMME	H2K3N4	I	100F	7
9	911	8	61	HOMME	H2J 3Y6	I	40.6	4
6	1135	8	35	F	H2T	I	38C	4
0	1233	8	28	F	H3C	I	104°F	4
1	1468	8	17	F	H1E	I	40°C	4
11	1307	8	40	FEMME	H1E2E8	I	101F	4
11	1103	8	63	FEMME	H2R2Z4	I	103F	2
0	246	8	12	F	H3B	I	103°F	5
7	827	8	1	FEMME	H2T2N8	I	39,3C	3
0	798	8	17	F	H3W	I	102°F	2
9	374	8	30	FEMME	H2L 1S7	D	NON APPLICABLE	2
9	1370	8	51	FEMME	H4K 1S6	I	40.3	4
7	1449	8	2	HOMME	H2J4E2	I	39,9C	1
4	818	8	27	MAN	H1K4N4	I	101F	1
11	1294	8	80	FEMME	H4A2K3	I	103F	3
0	1373	8	37	M	H3L	I	106°F	4
8	311	8	62	FEMALE	H3G2J7	D	N/A	3
0	687	8	50	F	H3N	I	103°F	5
0	708	8	36	F	H4E	I	106°F	5
9	752	8	6	HOMME	H3M 2A9	I	40.3	4
4	165	8	53	MAN	H1W3Y7	I	102F	5
4	1269	8	60	MAN	H1N1N8	I	104F	5
3	759	8	48	HOMME	H1E 6S6	I	102	4
7	496	8	33	FEMME	H2L2A6	D	N.A.	3
8	498	8	37	FEMALE	H4A2T6	D	N/A	3
3	553	8	36	HOMME	H4E 2S9	D	N.A.	6
3	119	8	5	HOMME	H3W 3H2	I	100	4
1	398	8	22	F	H1W	D	0	2
10	1199	8	6	HOMME	H3N2H7	I	101,5°F	3
4	1041	8	43	MAN	H4C2T6	I	102F	4
1	1281	8	15	H	H3L	I	40°C	2
3	292	8	48	HOMME	H4K 1E2	I	219	3
13	1544	8	21	F	H3N	I	40C	2
3	689	8	13	HOMME	H2H 1E8	I	102	1
10	1343	8	2	FEMME	H1Y1K8	I	101,3°F	4
1	655	8	60	H	H2X	D	0	3
4	923	8	12	BOY	H2J3G3	I	103F	2
4	456	8	58	WOMAN	H1T1E5	D	N/A	5
13	1579	8	38	M	H1E	I	41C	4
10	953	8	21	FEMME	H2K1Y6	I	106,3°F	5
13	905	8	13	F	H1L	I	39C	5
2	497	8	21	FEMME	H3S2K1	D	N.A.	2
4	61	8	5	BOY	H1Z3C7	I	108F	8
13	772	8	25	M	H2Y	I	39C	4
6	1062	8	41	F	H2J	I	39C	4
6	1247	8	5	F	H1L	I	39C	1
1	345	8	55	H	H1L	D	0	5
8	582	8	30	MALE	H3N1P1	D	N/A	5
12	1108	8	30	F	H3L	I	40	2
9	1021	8	21	FEMME	H4A 3M1	I	38.9	1
6	928	8	62	F	H2J	I	41C	5
10	974	8	32	FEMME	H1E4R3	I	103,6°F	5
11	511	8	43	HOMME	H1W1K9	D	N.A.	2
3	1255	8	52	HOMME	H1W 2A4	I	107	1
7	402	8	5	FEMME	H1V3T4	D	N.A.	2
3	643	8	77	FEMME	H4E 1L2	I	217	5
4	1332	8	11	GIRL	H1L5J3	I	103F	5
5	1557	8	37	HOMME	H1X 1X4	I	38,8	5
5	1034	8	35	HOMME	H2T 0A1	I	39,0	5
9	426	8	66	HOMME	H2K 1V9	D	NON APPLICABLE	2
4	550	8	52	WOMAN	H3B1M1	D	N/A	4
9	481	8	3	HOMME	H3G 1Y6	D	NON APPLICABLE	2
10	881	8	61	HOMME	H1E1K5	I	105,6°F	3
9	1322	8	42	HOMME	H1Z 2Y8	I	40.3	5
9	1299	8	2	HOMME	H1E 6S9	I	39.2	5
3	561	8	7	HOMME	H4C 2H1	D	N.A.	2
12	533	8	3	H	H2W	D	0	2
6	162	8	35	M	H1W	I	41C	6
0	267	8	46	F	H1L	I	102°F	4
5	951	8	56	FEMME	H2W 2C5	I	39,8	4
13	1197	8	62	M	H3L	I	39C	5
13	1284	8	65	F	H3L	I	38C	4
0	1277	8	57	M	H4V	I	101°F	5
3	841	8	62	HOMME	H2A 2N1	I	103	3
3	727	8	33	FEMME	H1W 3B7	I	104	5
7	1214	8	53	FEMME	H3W1L2	I	40,2C	4
11	679	8	27	HOMME	H1M2P4	I	103F	5
5	1114	8	36	FEMME	H1T 3Z6	I	39,0	3
13	583	8	47	F	H2J	D	NA	3
1	821	8	10	F	H3A	I	38°C	3
2	13	8	1	FEMME	H2C1Z2	I	38,7 C	9
8	445	8	12	MALE	H4A2V4	D	N/A	4
2	946	8	58	HOMME	H1L2T2	I	39,3 C	5
10	587	8	51	FEMME	H1M2L1	D	NONAPPLICABLE	4
1	870	8	6	F	H2L	I	39°C	4
2	305	8	61	HOMME	H1N1N8	D	N.A.	6
5	1058	8	58	HOMME	H2J 3J1	I	40,7	3
7	1389	8	76	FEMME	H1L6S7	I	38,2C	5
3	1362	8	3	HOMME	H1E 2N8	I	101	3
13	609	8	22	F	H3K	D	NA	4
12	1573	8	22	F	H1L	I	39	3
3	427	8	37	FEMME	H1W 1T9	D	N.A.	6
4	947	8	7	BOY	H1E1T2	I	105F	2
10	919	8	22	HOMME	H2L5A1	I	107,2°F	1
3	548	8	16	FEMME	H2M 2M7	D	N.A.	3
5	917	8	20	FEMME	H4C 1K9	I	39,3	4
9	621	8	33	FEMME	H2X 3M1	D	NON APPLICABLE	4
0	1548	8	21	M	H4V	I	101°F	4
9	1479	8	15	FEMME	H2C 1R6	I	40.9	2
1	744	8	28	H	H4A	I	39°C	1
9	615	8	0	FEMME	H2S 2K3	D	NON APPLICABLE	6
8	247	8	67	MALE	H1M2G8	I	39.8°C	4
9	478	8	48	HOMME	H2K 3P1	D	NON APPLICABLE	3
7	1106	8	42	HOMME	H4A2R2	I	38,6C	1
7	1431	8	12	HOMME	H3H2G3	I	40,9C	2
8	178	8	40	MALE	H2G2L3	I	39.1°C	7
3	488	8	12	FEMME	H1E 3B6	D	N.A.	6
10	922	8	1	HOMME	H3A1A7	I	103,3°F	3
4	877	8	43	MAN	H1E1P6	I	102F	1
9	1392	8	45	HOMME	H3K 3H7	I	38.6	5
5	1086	8	8	FEMME	H3S 1P2	I	41,6	4
11	283	8	0	HOMME	H2X1K4	D	N.A.	5
6	1486	8	82	F	H2R	I	40C	4
9	1121	8	61	HOMME	H2A 1L4	I	38.1	4
12	7	8	66	H	H1T	I	41	10
7	809	8	71	FEMME	H2M1C2	I	38,9C	3
2	1460	8	82	FEMME	H2W1G4	I	39,9 C	2
9	649	8	68	HOMME	H1E 4G8	D	NON APPLICABLE	5
10	523	8	21	HOMME	H2M2H8	D	NONAPPLICABLE	6
8	1219	8	5	FEMALE	H1T4B2	I	38.9°C	1
3	1273	8	31	HOMME	H3B 2V9	I	102	5
9	262	8	10	FEMME	H3C 6W8	I	38.57	3
2	1054	8	20	FEMME	H1Z3T7	I	40,3 C	4
8	459	8	66	FEMALE	H3K2P5	D	N/A	5
10	559	8	51	HOMME	H1X3L2	D	NONAPPLICABLE	2
7	888	8	35	FEMME	H1M2Z4	I	39,2C	2
8	726	8	23	FEMALE	H1N2L3	I	39.3°C	1
2	450	8	43	FEMME	H3H1Y5	D	N.A.	3
8	785	8	25	MALE	H3B1A4	I	39.7°C	2
7	425	8	13	FEMME	H2G2S5	D	N.A.	5
12	286	8	68	H	H1V	D	0	6
4	707	8	37	MAN	H1Z1Y5	I	104F	1
8	1328	8	72	FEMALE	H1L5G9	I	39.1°C	4
13	678	8	61	F	H3L	I	41C	1
5	396	8	52	HOMME	H2M 2R8	D	NON APPLICABLE	5
8	3	8	5	MALE	H2T2H9	I	38.3°C	8
13	574	8	2	M	H1B	D	NA	4
4	461	8	67	MAN	H1V1G5	D	N/A	5
8	348	8	18	FEMALE	H1L6H8	D	N/A	3
7	290	8	46	FEMME	H3C0C3	D	N.A.	5
9	812	8	81	FEMME	H4E 3A5	I	39.1	1
1	1172	8	45	H	H1K	I	39°C	5
10	149	8	63	FEMME	H1C1X2	I	100,3°F	5
9	1083	8	76	FEMME	H1T 3Z2	I	38.2	2
5	790	8	70	FEMME	H1T 3Y7	I	40,7	3
5	1366	8	0	FEMME	H2A 2P9	I	39,1	5
8	1142	8	30	FEMALE	H1L6R6	I	39.3°C	4
6	243	8	32	F	H3B	I	38C	7
10	920	8	46	FEMME	H3W1L1	I	102°F	3
8	961	8	25	MALE	H2B3B9	I	40.1°C	2
3	322	8	11	FEMME	H3T 1W7	D	N.A.	3
11	1042	8	68	FEMME	H2G2K8	I	102F	2
11	524	8	37	FEMME	H5B1B9	D	N.A.	2
6	129	8	23	F	H3W	I	38C	7
11	1099	8	47	HOMME	H2E2X2	I	101F	1
0	843	8	76	F	H3Y	I	101°F	2
10	620	8	7	FEMME	H4A3G1	D	NONAPPLICABLE	3
11	385	8	26	HOMME	H2X2W8	D	N.A.	3
11	401	8	40	HOMME	H4B2S5	D	N.A.	5
12	685	8	33	H	H4C	I	38	4
5	1455	8	37	FEMME	H3W 3E7	I	38,8	2
12	1032	8	22	H	H3J	I	41	1
5	39	8	41	HOMME	H1Z 2J3	I	41,27	6
4	446	8	62	WOMAN	H1V3S8	D	N/A	2
7	622	8	26	HOMME	H2L4E6	D	N.A.	4
13	868	8	45	F	H3B	I	39C	1
8	180	8	53	FEMALE	H2Y0A4	I	39.2°C	7
5	544	8	62	FEMME	H4B 2R8	I	101,6	5
5	1522	8	75	HOMME	H3N 1A8	I	39,3	3
12	327	8	48	F	H1L	D	0	5
13	558	8	22	F	H2Y	D	NA	4
3	612	8	71	FEMME	H1X 1Y2	D	N.A.	6
13	320	8	60	F	H1T	D	NA	3
1	432	8	41	F	H2K	D	0	4
10	1187	8	10	FEMME	H1Y2A5	I	103,5°F	2
6	1236	8	58	M	H4J	I	39C	5
4	1278	8	50	WOMAN	H3C1N3	I	106F	2
12	394	8	68	F	H3G	D	0	2
13	1470	8	63	F	H4P	I	40C	2
8	891	8	58	FEMALE	H2K3E4	I	38.5°C	2
10	212	8	17	HOMME	H2X2R1	I	100,7°F	4
6	741	8	0	F	H3C	I	40C	4
0	1177	8	23	M	H2X	I	103°F	1
3	1556	8	18	FEMME	H3G 1Y5	I	102	3
11	1339	8	66	HOMME	H1E4A1	I	102F	3
8	329	8	33	FEMALE	H1Z1W1	D	N/A	3
11	799	8	40	HOMME	H3W2P7	I	105F	1
1	1448	8	6	H	H1A	I	40°C	3
3	1336	8	20	HOMME	H4B 1M6	I	104	5
3	902	8	1	HOMME	H1V 2S7	I	104	4
7	147	8	58	FEMME	H1Y2X6	I	39,2C	3
8	1139	8	15	MALE	H2W2J1	I	39.4°C	4
6	628	8	47	M	H4J	D	NA	6
0	745	8	57	M	H1N	I	103°F	4
6	1156	8	26	F	H1X	I	39C	2
10	1126	8	5	FEMME	H3T2A9	I	102°F	1
10	1523	8	42	FEMME	H2Y2K7	I	103,8°F	2
9	1198	8	16	HOMME	H2V 1K5	I	39.9	3
7	630	8	68	FEMME	H1W1H3	D	N.A.	5
6	352	8	47	F	H2A	D	NA	5
11	1242	8	0	FEMME	H3H1H9	I	103F	5
12	1354	8	35	F	H3W	I	40	2
9	1026	8	80	HOMME	NON APPLICABLE	I	40.7	3
5	1264	8	20	HOMME	H3W 3E7	I	40,8	1
13	1149	8	61	F	H1C	I	42C	5
7	236	8	62	HOMME	H2N2J5	I	36,4C	3
10	489	8	36	FEMME	H3J1Y2	D	NONAPPLICABLE	6
5	1087	8	8	HOMME	H4E 1B8	I	39,6	5
2	274	8	46	HOMME	H4E1J8	I	40,9 C	6
1	1385	8	30	H	H3G	I	38°C	4
4	1482	8	17	WOMAN	H1M2K4	I	102F	5
7	735	8	56	HOMME	H3C0H9	I	38,5C	5
5	1324	8	22	HOMME	H3C 5T3	I	38,2	3
1	229	8	12	H	H4A	I	38°C	6
10	501	8	48	FEMME	H2B2L7	D	NONAPPLICABLE	3
9	896	8	3	HOMME	H2M 2G6	I	39.2	3
7	1425	8	43	FEMME	H3C6W1	I	38,7C	1
9	270	8	26	HOMME	H2H 1A8	I	37.44	7
2	208	8	81	FEMME	H1T2C9	I	37,9 C	7
2	1078	8	46	HOMME	H2B1G9	I	41,0 C	4
5	1213	8	46	FEMME	H2Y 2G7	I	38,5	2
4	59	8	40	MAN	H3M1W2	D	N/A	8
8	1136	8	73	MALE	H2T1L1	I	39.5°C	1
12	1245	8	57	F	H4C	I	41	1
11	1452	8	42	FEMME	H3J1C9	I	105F	2
4	1353	8	58	WOMAN	H2E1C7	I	107F	3
6	1372	8	28	M	H2C	I	38C	3
9	709	8	21	HOMME	H2J 2W7	I	38.4	1
13	964	8	16	F	H3W	I	39C	4
5	344	8	51	FEMME	H1W 1E3	D	NON APPLICABLE	2
11	1019	8	42	FEMME	H4A3G1	I	104F	5
12	1298	8	20	H	H2M	I	40	3
6	1377	8	45	F	H2E	I	41C	4
1	1001	8	22	H	H1K	I	39°C	3
10	1037	8	60	HOMME	H3C4G5	I	103,5°F	1
1	1079	8	47	H	H4A	I	40°C	2
8	260	8	10	FEMALE	H2M1W6	I	38°C	3
12	1200	8	70	H	H1X	I	38	1
3	1215	8	5	HOMME	H2P 1V5	I	105	1
11	713	8	25	HOMME	H3C3K6	I	102F	4
11	202	8	57	FEMME	H2X2B3	I	100F	6
10	666	8	37	HOMME	H2B1G5	I	103,8°F	5
8	563	8	65	FEMALE	H1N1G3	D	N/A	3
0	372	8	17	F	H3K	D	NA	4
5	545	8	73	FEMME	H2G 1E8	D	NON APPLICABLE	2
9	1250	8	37	HOMME	H3W 3G6	I	39.1	4
11	363	8	43	HOMME	H1E1E1	D	N.A.	6
8	1361	8	16	MALE	H3C5E8	I	39.5°C	4
4	1415	8	73	WOMAN	H2K2P5	I	101F	3
6	1398	8	15	F	H4B	I	39C	4
1	1348	8	17	H	H3M	I	41°C	5
2	1159	8	33	HOMME	H1Z2N6	I	38,5 C	3
10	1070	8	65	FEMME	H2M1S5	I	101,3°F	2
4	960	8	8	GIRL	H3N1C6	I	105F	3
11	596	8	45	HOMME	H4V1Y5	D	N.A.	5
8	383	8	25	FEMALE	H2A1K4	D	N/A	6
7	879	8	53	FEMME	H2W2G4	I	39,5C	2
13	983	8	37	M	H3C	I	42C	4
9	49	8	47	FEMME	H2M 1W8	I	41.11	8
2	1351	8	80	FEMME	H2V4J6	I	39,5 C	1
3	747	8	30	HOMME	H4E 3K3	I	103	3
1	967	8	68	F	H2W	I	40°C	1
7	705	8	32	HOMME	H2J3V2	I	39,1C	5
10	1395	8	77	HOMME	H4J1G1	I	101,7°F	5
1	1530	8	52	H	H3W	I	40°C	4
1	782	8	22	F	H1L	I	40°C	2
11	690	8	36	HOMME	H3X1E7	I	103F	4
10	677	8	12	HOMME	H1E6A9	I	102,7°F	4
5	826	8	76	HOMME	H2E 1K5	I	40,8	4
11	573	8	0	HOMME	H2H2R6	D	N.A.	6
13	163	8	90	M	H3L	I	38C	3
3	593	8	46	FEMME	H1Y 2V6	D	N.A.	5
9	939	8	38	HOMME	H4E 1P2	I	40.9	4
5	1291	8	50	HOMME	H4Z 1E8	I	39,3	2
0	67	8	53	M	H2K	I	99°F	5
12	624	8	21	F	H1Z	D	0	5
3	1148	8	28	FEMME	H3S 1G5	I	101	3
2	802	8	66	HOMME	H2K1G2	I	38,6 C	2
4	822	8	18	WOMAN	H1Y3A6	I	104F	5
6	1414	8	46	F	H1X	I	38C	4
13	1314	8	36	M	H1N	I	39C	1
13	145	8	30	M	H2Z	I	39C	6
9	1173	8	2	HOMME	H3J 1K7	I	39.9	2
11	712	8	3	HOMME	H3B3C6	I	102F	3
8	795	8	37	FEMALE	H1T1J8	I	38.1°C	5
9	328	8	52	HOMME	H2C 2T9	D	NON APPLICABLE	2
0	1320	8	43	F	H1X	I	103°F	3
12	419	8	35	H	H1W	D	0	4
11	645	8	70	FEMME	H4J2E7	D	N.A.	3
4	1341	8	26	WOMAN	H1E1B7	I	102F	5
11	120	8	38	HOMME	H3S1H5	I	103F	4
8	789	8	53	FEMALE	H3L1R6	I	38.4°C	5
0	347	8	15	F	H2X	D	NA	6
8	1124	8	38	FEMALE	H3G1Y1	I	40°C	3
7	978	8	41	NON-BINAIRE	H1K4P2	I	39,2C	4
4	1072	8	1	GIRL	H1L6A1	I	102F	1
1	388	8	51	H	H1X	D	0	6
13	1545	8	65	M	H2B	I	41C	3
1	512	8	10	F	H1E	D	0	2
1	692	8	60	H	H1E	I	40°C	5
6	1323	8	12	M	H3W	I	39C	2
8	600	8	83	MALE	H3M2Y9	D	N/A	4
3	851	8	37	FEMME	H3M 1E1	I	104	1
13	316	8	35	M	H1E	D	NA	3
4	404	8	33	MAN	H1A4J6	D	N/A	5
11	376	8	17	FEMME	H2S1E1	D	N.A.	6
12	1195	8	62	H	H1X	I	38	1
6	1002	8	22	F	H2J	I	40C	4
4	681	8	26	WOMAN	H2L2G5	I	101F	3
2	601	8	60	HOMME	H1T1W8	D	N.A.	2
10	1158	8	53	HOMME	H1L2N8	I	103,1°F	5
11	1552	8	58	HOMME	H3P3B7	I	104F	2
11	238	8	25	FEMME	H2G1R2	I	99F	4
4	1064	8	8	GIRL	H1W2X2	I	103F	4
8	1481	8	0	FEMALE	H1X2S8	I	39.8°C	3
12	1303	8	63	H	H4V	I	40	5
6	279	8	75	F	H1Z	D	NA	4
0	585	8	48	M	H1K	D	NA	5
4	776	8	33	MAN	H2H1H8	I	103F	2
10	823	8	40	FEMME	H1Z1R2	I	103,8°F	4
10	904	8	13	HOMME	H4C3N5	I	101,5°F	1
7	773	8	22	FEMME	H4C2X3	I	40C	1
1	458	8	58	F	H2A	D	0	4
4	20	8	52	WOMAN	H1T2G9	I	102F	7
6	408	8	51	F	H1Y	D	NA	4
6	715	8	22	F	H2R	I	40C	2
0	1388	8	67	F	H2T	I	103°F	3
0	1131	8	3	F	H3B	I	104°F	2
13	466	8	50	F	H3X	D	NA	5
10	323	8	83	HOMME	H4C3P8	D	NONAPPLICABLE	3
5	1308	8	43	HOMME	H3N 1J1	I	40,8	5
11	580	8	12	FEMME	H2B2A5	D	N.A.	4
5	429	8	55	HOMME	H1M 2P9	D	NON APPLICABLE	5
10	1196	8	31	HOMME	H1X3A5	I	102,7°F	5
4	1327	8	40	WOMAN	H2C3H2	I	105F	1
10	177	8	13	HOMME	H3Z1J8	I	101°F	6
3	636	8	71	FEMME	H2K 4R4	D	N.A.	6
3	1088	8	58	FEMME	H2S 3B6	I	102	4
7	903	8	81	HOMME	H3H1Y9	I	39,2C	3
0	1009	8	55	M	H1V	I	104°F	2
6	1472	8	38	F	H4A	I	39C	4
6	880	8	6	F	H2J	I	41C	4
5	474	8	51	HOMME	H3B 1M1	D	NON APPLICABLE	2
3	1347	8	28	FEMME	H2P 2C4	I	102	1
2	342	8	47	HOMME	H3Y2G7	D	N.A.	5
12	11	8	77	H	H1W	I	38	9
8	764	8	12	FEMALE	H3N1J2	I	39.9°C	3
11	143	8	52	HOMME	H3C5M4	I	101F	3
12	221	8	15	H	H3L	I	42	4
2	1484	8	60	FEMME	H2T1N7	I	40,3 C	2
5	842	8	13	FEMME	H3K 2L3	I	39,8	2
7	1500	8	35	FEMME	H3M1K4	I	40C	2
2	241	8	55	HOMME	H2K3N2	I	39,5 C	7
11	618	8	28	HOMME	H1W3R4	D	N.A.	2
2	997	8	36	HOMME	H2J1Z6	I	41,4 C	2
13	16	8	67	M	H1T	I	31C	10
5	1220	8	77	FEMME	H2P 2P1	I	39,8	2
8	1475	8	52	MALE	N/A	I	39.4°C	1
4	168	8	37	WOMAN	H3N2M9	I	103F	5
10	349	8	37	FEMME	H4E3R6	D	NONAPPLICABLE	4
7	1155	8	57	FEMME	H3M1Y9	I	41,2C	1
4	760	8	46	WOMAN	H4C1T5	I	102F	5
8	155	8	45	FEMALE	H3X4B3	I	39.5°C	7
4	304	8	70	WOMAN	H2S2S1	D	N/A	2
13	495	8	82	M	H1Y	I	101C	5
7	792	8	46	HOMME	H2R2P5	I	41C	2
10	981	8	33	HOMME	H4J2L9	I	105,3°F	4
10	698	8	35	HOMME	H1L2L4	I	105,8°F	2
7	1231	8	50	HOMME	H3S1S5	I	39,6C	3
0	225	8	57	F	H1V	I	104°F	7
10	334	8	41	HOMME	H2L1J7	D	NONAPPLICABLE	5
7	728	8	30	HOMME	H2W1N2	I	40,2C	2
10	1271	8	93	FEMME	H2W2B3	I	104,2°F	2
6	1128	8	52	F	H1Z	I	40C	4
9	107	8	33	FEMME	H2K 4H5	I	38.83	6
0	1069	8	12	F	H1E	I	105°F	5
13	131	8	50	M	H3L	I	38C	4
5	963	8	10	FEMME	H2T 1K8	I	38,3	3
13	1578	8	83	M	H1V	I	39C	4
9	570	8	37	HOMME	H2Y 2W3	D	NON APPLICABLE	2
1	576	8	43	H	H2X	D	0	2
8	1560	8	35	FEMALE	H4J1J5	I	39°C	5
3	1160	8	52	FEMME	H1W 1H1	I	102	1
12	287	8	56	F	H2T	D	0	3
4	1084	8	45	WOMAN	H2Z1J6	I	103F	4
4	1496	8	17	WOMAN	H3G2A8	I	106F	4
8	537	8	38	FEMALE	H4V1T6	D	N/A	4
13	1147	8	28	F	H2L	I	41C	3
4	564	8	33	WOMAN	H1A2J7	D	N/A	4
6	998	8	57	M	H2H	I	41C	4
6	957	8	35	F	H1Z	I	40C	3
7	1360	8	6	HOMME	H2P1X1	I	39,8C	2
5	1375	8	71	FEMME	H1Z 3T3	I	40,4	5
9	350	8	86	FEMME	H3K 1J1	D	NON APPLICABLE	4
12	22	8	88	F	H1Y	I	40	8
7	1251	8	50	FEMME	H2T2G5	I	38,6C	5
1	1537	8	50	H	H1M	I	41°C	4
10	597	8	22	FEMME	H4C1C5	D	NONAPPLICABLE	4
6	530	8	47	M	H2L	D	NA	4
8	575	8	50	MALE	H2J4A7	D	N/A	3
7	710	8	65	HOMME	H2M2C1	I	40,5C	3
5	430	8	63	HOMME	H2L 2T4	D	NON APPLICABLE	4
11	1561	8	6	HOMME	H1E3S9	I	102F	3
2	377	8	26	FEMME	H1A5J2	D	N.A.	2
13	504	8	0	F	H2Y	D	NA	2
13	336	8	52	F	H1X	D	NA	5
5	704	8	21	FEMME	H2C 2E2	I	39,0	1
3	84	8	27	FEMME	H1M 1S3	I	100	6
7	1454	8	18	HOMME	H4A3T1	I	38,6C	3
0	1519	8	10	F	H2C	I	102°F	5
8	867	8	0	MALE	H2L4E4	I	39.4°C	1
7	1318	8	56	FEMME	H2E2Y3	I	39C	2
1	130	8	85	F	H1X	I	37°C	7
11	1396	8	38	FEMME	H2G2Z4	I	103F	1
9	1338	8	32	HOMME	H3B 1N2	I	39.3	5
6	1094	8	1	M	H3N	I	40C	5
6	1568	8	55	M	H2Y	I	40C	5
0	835	8	82	M	H1N	I	105°F	1
6	1433	8	42	M	H1E	I	39C	3
9	669	8	46	HOMME	H3T 1P2	I	40.5	2
11	937	8	6	HOMME	H1X3P8	I	106F	1
7	1113	8	36	HOMME	H1M3X4	I	41,4C	2
11	381	8	21	HOMME	H3M1L7	D	N.A.	4
11	577	8	53	HOMME	H4C2P9	D	N.A.	6
13	811	8	2	F	H2S	I	38C	2
6	1234	8	0	F	H4J	I	39C	1
3	421	8	62	HOMME	H2C 1W9	D	N.A.	6
10	309	8	26	FEMME	H2W2R8	D	NONAPPLICABLE	4
7	127	8	46	HOMME	H1X1W8	I	38,7C	6
0	1154	8	27	F	H1X	I	105°F	4
9	1075	8	57	FEMME	H3S 1G2	I	38.9	5
6	572	8	23	F	H3C	D	NA	5
11	1514	8	52	FEMME	H3M2W8	I	103F	1
1	650	8	81	F	H1L	D	0	4
12	914	8	60	H	H2K	I	38	4
11	1095	8	41	FEMME	H1L3E8	I	102F	2
4	1546	8	85	MAN	H1T2N5	I	105F	5
11	885	8	27	HOMME	H1L1J1	I	107F	5
3	858	8	6	HOMME	H2K 1Z5	I	102	1
5	1485	8	82	FEMME	H1N 3A2	I	40,2	3
10	581	8	1	HOMME	H1V1B7	D	NONAPPLICABLE	6
5	613	8	16	HOMME	H2A 1X7	D	NON APPLICABLE	4
7	156	8	78	FEMME	H2C1H5	I	37,7C	6
13	1100	8	23	M	H1L	I	40C	4
0	390	8	50	M	H1E	D	NA	5
10	775	8	37	HOMME	H4E2A2	I	102°F	4
10	900	8	51	HOMME	H3J2P3	I	102,2°F	1
11	1144	8	55	HOMME	H3M2P5	I	101F	5
13	1424	8	32	M	H1T	I	40C	1
9	1379	8	55	FEMME	H1V 2C8	I	39.8	3
0	1252	8	10	F	H2K	I	101°F	1
10	1408	8	42	FEMME	H4C1Y4	I	103,6°F	5
2	464	8	18	HOMME	H3G1A7	D	N.A.	5
8	179	8	23	FEMALE	H4C2N8	I	37.9°C	5
4	1574	8	20	WOMAN	H4E2S4	I	104F	4
13	261	8	38	F	H3N	I	38C	5
5	1367	8	66	HOMME	H1Z 3G2	I	39,6	1
5	969	8	83	FEMME	H4C 1A9	I	40,4	1
2	695	8	23	FEMME	H3K2W7	I	40,8 C	1
5	1077	8	2	HOMME	H1T 2H5	I	38,8	5
5	1411	8	67	HOMME	H1L 1L7	I	39,6	5
13	638	8	23	M	H1M	D	NA	5
2	1304	8	56	HOMME	H4A2J9	I	39,9 C	3
12	164	8	70	F	H4J	I	37	5
4	1096	8	62	WOMAN	H1N2H1	I	102F	4
1	473	8	35	F	H3H	D	0	2
2	1134	8	57	FEMME	H2R2T9	I	40,4 C	2
5	854	8	83	HOMME	H2G 1W8	I	39,3	2
1	172	8	18	F	H1X	I	37°C	5
0	1576	8	47	M	H4V	I	105°F	3
9	437	8	36	FEMME	H2J 2M4	D	NON APPLICABLE	6
10	364	8	15	FEMME	H3C2W9	D	NONAPPLICABLE	6
1	845	8	43	H	H1C	I	40°C	1
8	1516	8	8	MALE	H1K2L4	I	38.8°C	5
3	1258	8	33	HOMME	H2B 2L5	I	105	1
0	1409	8	47	M	H1Z	I	106°F	4
4	1290	8	3	GIRL	H4A2B1	I	105F	5
10	716	8	33	HOMME	H2K2V9	I	106,3°F	3
6	810	8	63	M	H2L	I	41C	5
12	1295	8	33	H	H3K	I	40	3
0	962	8	50	M	H3T	I	104°F	3
0	517	8	15	F	H1E	D	NA	3
2	779	8	26	HOMME	H1L6A6	I	38,3 C	1
0	272	8	3	F	H2A	I	98°F	3
9	1554	8	66	HOMME	H1Y 1X2	I	38.4	1
12	1052	8	58	F	H2K	I	41	5
10	976	8	18	FEMME	H3T1P6	I	105,1°F	4
0	1241	8	16	F	H4C	I	106°F	3
9	783	8	70	HOMME	H2Y 2H1	I	39.8	2
3	1562	8	30	FEMME	H3C 1M8	I	106	5
2	1423	8	20	FEMME	H1V1V2	I	40,3 C	5
3	2	8	25	FEMME	H2T 2Y8	I	101	8
8	1162	8	37	FEMALE	H2C1K4	I	39°C	1
10	993	8	58	HOMME	H4E1E4	I	103,8°F	5
0	555	8	2	F	H4K	D	NA	4
1	454	8	16	H	H4A	D	0	3
4	767	8	66	MAN	H1E0A1	I	103F	2
4	1074	8	22	MAN	H2R1A3	I	103F	1
7	1238	8	46	FEMME	H1V2P9	I	41,2C	5
4	1541	8	20	MAN	H4V1G1	I	104F	1
5	1045	8	75	FEMME	H4B 2T1	I	39,7	5
6	333	8	53	F	H2B	D	NA	6
8	1444	8	70	MALE	H2S1A5	I	39°C	3
13	470	8	66	M	H2S	D	NA	5
3	1030	8	52	FEMME	H2K 4J7	I	103	2
7	175	8	67	HOMME	H1K4J9	I	38C	5
1	646	8	66	H	H2L	D	0	3
8	720	8	17	MALE	H1N1P8	I	39.5°C	1
8	1492	8	7	MALE	H2R1N9	I	39.4°C	2
2	1107	8	25	FEMME	H2Y2G1	I	39,1 C	3
0	50	8	36	M	H1W	D	NA	4
13	346	8	1	F	H4K	D	NA	3
6	1110	8	52	F	H4C	I	39C	1
10	76	8	27	HOMME	H1Y2G3	I	97,3°F	8
10	942	8	11	FEMME	H2H2H1	I	102,2°F	4
10	941	8	6	HOMME	H1X1B7	I	105,8°F	3
0	1539	8	26	M	H4A	I	102°F	5
12	1130	8	55	F	H3T	I	41	2
13	1259	8	46	M	H2T	I	40C	3
6	271	8	80	M	H1L	I	36C	5
10	1249	8	28	HOMME	H1Z1Y4	I	102,6°F	4
8	521	8	30	FEMALE	H2W1E6	D	N/A	3
2	837	8	21	FEMME	H2Y4B5	I	38,9 C	1
11	133	8	36	FEMME	H2T1W4	I	102F	5
4	206	8	62	WOMAN	H4C1A8	I	104F	7
11	723	8	48	FEMME	H3C3P6	I	105F	5
11	894	8	20	FEMME	H1Z4B2	I	102F	4
8	1450	8	66	FEMALE	H1E6M3	I	39.5°C	5
11	187	8	56	HOMME	H4A2L8	I	103F	4
0	68	8	0	F	H2V	I	103°F	8
7	1014	8	8	HOMME	H1E4G4	I	39,9C	4
12	876	8	81	F	H2H	I	38	5
6	1256	8	38	M	H2R	I	39C	4
13	1102	8	52	M	H2S	I	39C	3
1	167	8	28	H	H1Z	I	40°C	3
4	1532	8	55	MAN	H1Z1L8	I	103F	1
10	864	8	81	FEMME	H2L3S1	I	101,5°F	5
10	502	8	48	FEMME	H3S2K9	D	NONAPPLICABLE	5
6	861	8	56	M	H3L	I	40C	5
12	491	8	6	H	H2A	D	0	4
11	702	8	42	FEMME	H1C1G1	I	105F	4
2	1201	8	32	FEMME	H1W1H9	I	40,2 C	1
6	686	8	47	F	H2K	I	40C	4
2	850	8	83	FEMME	H4A1Y5	I	40,8 C	4
6	1305	8	0	M	H4V	I	40C	1
9	1571	8	26	FEMME	H1X 1B6	I	38.8	3
9	1495	8	25	HOMME	H2L 1L8	I	39.9	3
4	931	8	22	WOMAN	H1E5Z7	I	103F	5
5	1205	8	81	HOMME	H2B 2X2	I	40,9	1
6	750	8	20	M	H1W	I	39C	1
9	415	8	62	FEMME	H4E 4N7	I	101.4	4
7	83	8	70	HOMME	H2M1Y4	D	N.A.	6
3	513	8	20	HOMME	H3V 1G7	D	N.A.	2
7	1180	8	58	HOMME	H3A2G6	I	40,6C	4
12	766	8	51	F	H4K	I	39	2
3	1027	8	71	HOMME	H3S 1S6	I	107	2
2	784	8	0	HOMME	H4C2H2	I	39,4 C	1
6	1383	8	18	F	H1W	I	40C	2
6	132	8	26	M	H1K	I	38C	4
9	605	8	0	FEMME	H3W 2P7	D	NON APPLICABLE	6
11	362	8	33	HOMME	H2J2R8	D	N.A.	4
7	1170	8	27	FEMME	H3H1Y7	I	41,1C	1
1	159	8	60	H	H2C	I	38°C	4
10	410	8	82	FEMME	H1C0A1	D	NONAPPLICABLE	4
12	515	8	8	F	H2M	D	0	3
2	1505	8	33	FEMME	H2B2R3	I	39,3 C	2
10	1190	8	2	HOMME	H3X3N8	I	104°F	3
3	642	8	46	FEMME	H2E 1R4	D	N.A.	3
5	1240	8	32	FEMME	H3L 3B3	I	39,8	1
7	310	8	43	FEMME	H1X2K2	D	N.A.	4
3	706	8	32	HOMME	H3K 2M6	I	102	1
10	591	8	70	FEMME	H3J1B2	D	NONAPPLICABLE	6
7	1296	8	60	FEMME	H1L6P1	I	39,7C	5
6	228	8	36	F	H2L	I	40C	7
0	314	8	21	M	H1X	D	NA	6
0	901	8	12	F	H1L	I	102°F	2
7	912	8	11	FEMME	H1V2J7	I	39,9C	2
0	100	8	3	M	H1C	I	99°F	8
4	829	8	33	WOMAN	H2J1L9	I	105F	1
8	991	8	22	MALE	H4B2J9	I	40.2°C	5
13	736	8	76	M	H4B	I	40C	1
1	125	8	40	H	H1L	I	41°C	6
2	123	8	12	HOMME	H3C1S5	I	37,1 C	3
9	1512	8	86	FEMME	H3X 2A6	I	38.9	1
3	579	8	63	FEMME	H1V 2W2	D	N.A.	3
1	1280	8	85	F	H4E	I	41°C	1
13	859	8	65	F	H3S	I	39C	2
2	899	8	37	FEMME	H2E2T5	I	38,5 C	5
12	439	8	11	F	H2J	D	0	5
12	778	8	48	H	H1W	I	41	4
0	848	8	52	F	H1B	I	104°F	3
2	800	8	11	FEMME	H1X1V6	I	39,3 C	2
3	1151	8	22	FEMME	H2P 1R6	I	105	5
12	332	8	78	H	H4E	D	0	3
7	956	8	71	FEMME	H3N1K1	I	40,2C	2
7	353	8	32	HOMME	H2H2J4	D	N.A.	4
2	1193	8	38	FEMME	H2S1B7	I	38,6 C	2
13	796	8	43	F	H2Z	I	41C	1
3	1161	8	55	HOMME	H1E 4M1	I	106	5
6	520	8	11	F	H1N	D	NA	2
8	762	8	23	FEMALE	H2R2Y1	I	39.3°C	1
13	684	8	15	M	H2K	I	41C	5
12	571	8	82	H	H3L	D	0	6
3	701	8	12	FEMME	H1X 3K5	I	105	5
13	1376	8	70	F	NA	I	39C	3
11	1000	8	53	FEMME	H4C2E1	I	104F	1
5	651	8	31	FEMME	H3S 2W2	D	NON APPLICABLE	5
4	1462	8	28	MAN	H2A2Y4	I	103F	1
9	51	8	60	FEMME	H2K 1P5	R	37.08	5
0	1478	8	71	M	H2M	I	107°F	3
10	1434	8	1	FEMME	H3N1N3	I	101,1°F	3
13	420	8	8	M	H3H	D	NA	5
4	510	8	7	GIRL	H2W1L5	D	N/A	5
3	1137	8	12	HOMME	H3C 0H1	I	103	2
10	1439	8	8	HOMME	H4A3C9	I	103,1°F	4
10	1580	8	53	HOMME	H2L4V3	I	104,2°F	1
6	289	8	31	M	H1A	D	NA	5
6	354	8	52	F	H1N	D	NA	5
0	921	8	51	F	H2L	I	103°F	3
0	1176	8	8	M	H1Z	I	105°F	3
12	1171	8	47	F	H4C	I	39	4
4	211	8	46	WOMAN	H3X2A1	I	105F	3
5	433	8	46	FEMME	H4B 1X1	I	105,5	5
5	1167	8	68	FEMME	H3H 1K5	I	39,1	4
0	603	8	53	M	H3K	D	NA	2
6	303	8	23	F	H1T	D	NA	5
5	472	8	71	FEMME	H1N 3C9	D	NON APPLICABLE	3
13	1141	8	58	M	H4J	I	38C	5
10	535	8	23	HOMME	H2E1J2	D	NONAPPLICABLE	6
7	25	8	12	HOMME	H3B4S2	D	N.A.	8
0	1140	8	37	F	H2B	I	105°F	5
8	469	8	61	FEMALE	H1T2P8	I	106.2°C	4
2	1403	8	45	FEMME	H2J4G4	I	40,5 C	2
12	253	8	60	H	H3N	I	40	4
0	296	8	23	M	H3T	D	NA	2
13	1282	8	26	F	H1E	I	39C	5
2	1494	8	61	HOMME	H2V4H4	I	39,9 C	4
1	1012	8	12	F	H1L	I	39°C	3
11	1189	8	6	HOMME	H3M2C1	I	107F	2
11	660	8	55	HOMME	H2L1S4	D	N.A.	6
6	987	8	55	M	H2S	I	39C	3
2	954	8	15	FEMME	H4E2E8	I	39,8 C	5
2	479	8	12	HOMME	H2R1H6	D	N.A.	2
5	871	8	66	FEMME	H2A 1A4	I	40,9	4
4	337	8	82	WOMAN	H2P1M1	D	N/A	5
7	567	8	22	FEMME	H2L2V8	D	N.A.	6
8	1459	8	60	MALE	H4J2R3	I	40.4°C	5
11	55	8	71	FEMME	H1T2T7	I	98F	7
11	817	8	27	HOMME	H2C2X2	I	105F	3
0	0	8	82	M	H2G	D	NA	10
6	1004	8	66	F	H2G	I	40C	1
5	1067	8	25	FEMME	H4C 2M7	I	38,3	4
0	355	8	37	M	H1T	D	NA	3
2	909	8	11	FEMME	H3K2A5	I	41,2 C	5
2	366	8	12	FEMME	H1E7N8	D	N.A.	6
9	972	8	47	HOMME	H1C 1Y8	I	38.3	4
10	1261	8	41	FEMME	H1E5Z9	I	105,1°F	4
4	1226	8	53	WOMAN	H2W1N1	I	103F	2
6	1441	8	52	M	H3M	I	41C	3
9	1192	8	52	HOMME	H2P 3A1	I	40.3	3
10	1246	8	58	HOMME	H2Y2E7	I	103,8°F	5
10	1270	8	26	FEMME	H1E6J5	I	103,6°F	2
6	104	8	62	M	H3P	I	41C	4
8	673	8	2	FEMALE	H2X3H9	I	39.3°C	1
3	682	8	63	HOMME	H2G 2J6	I	104	1
5	1310	8	16	HOMME	H2P 1V1	I	40,9	5
8	340	8	62	MALE	H2X1S3	D	N/A	6
3	1502	8	28	HOMME	H3G 1V8	I	102	3
4	1535	8	55	MAN	H2K4R4	I	103F	2
6	1473	8	50	F	H3T	I	40C	5
2	1309	8	76	HOMME	H2S1P4	I	40,6 C	4
11	1164	8	67	HOMME	H2B2H2	I	101F	1
11	317	8	46	HOMME	H4B1L9	I	218F	3
7	1572	8	26	HOMME	H2C2H1	I	39,2C	3
7	1091	8	53	FEMME	H2E2H9	I	39,3C	2
4	1055	8	52	WOMAN	H3A0A1	I	102F	5
13	1374	8	7	F	H1T	I	40C	3
9	662	8	28	HOMME	H2M 1Z6	I	41.1	5
2	985	8	7	FEMME	H1C1G3	I	40,0 C	5
0	436	8	46	M	H3L	D	NA	4
1	32	8	73	F	H1X	I	38°C	7
2	1480	8	63	FEMME	H4E2Z3	I	38,2 C	2
2	794	8	16	HOMME	H4J2K7	I	39,3 C	2
13	1288	8	3	F	H2J	I	40C	2
10	407	8	7	FEMME	H4C1T4	D	NONAPPLICABLE	4
0	874	8	46	M	H2S	I	101°F	1
13	758	8	53	M	H4C	I	40C	4
4	519	8	11	BOY	H1L1Y4	D	N/A	3
13	973	8	37	F	H4B	I	40C	2
3	652	8	56	FEMME	H2E 2C4	D	N.A.	5
4	462	8	31	WOMAN	H4E4M6	D	N/A	2
12	448	8	55	F	H1L	D	0	2
0	611	8	58	F	H2M	D	NA	5
7	1416	8	48	FEMME	H3X3R1	I	38,6C	3
6	1493	8	42	F	H2A	I	40C	5
1	816	8	70	H	H3A	I	40°C	1
8	546	8	33	MALE	H4E2G9	D	N/A	4
12	883	8	28	F	H1N	I	38	1
13	369	8	75	F	H1K	D	NA	4
6	549	8	83	F	H3N	D	NA	6
3	1440	8	40	HOMME	H2T 1E1	I	104	2
1	1330	8	11	H	H1T	I	41°C	5
2	306	8	32	HOMME	H3M3A1	D	N.A.	3
6	431	8	25	M	H2M	D	NA	3
2	1186	8	36	HOMME	H1L5B7	I	41,3 C	2
8	1123	8	43	MALE	H2J2P9	I	39.8°C	1
4	1169	8	60	MAN	H1N3C9	I	104F	2
4	1564	8	11	BOY	H1L4L3	I	102F	2
6	637	8	1	F	H2H	D	NA	2
7	223	8	66	HOMME	H2R1V3	I	38,9C	6
6	595	8	66	F	H4E	D	NA	6
8	1457	8	45	MALE	H1L6A1	I	41.2°C	3
2	663	8	26	HOMME	H2X2T6	I	38,7 C	3
10	1089	8	23	HOMME	H3C4M8	I	102,2°F	2
7	1442	8	47	HOMME	H2A2B7	I	39,9C	1
2	738	8	3	HOMME	H1T3X9	I	40,8 C	5
3	29	8	48	HOMME	H2K 1N8	R	99	5
3	656	8	52	FEMME	N.A.	D	N.A.	5
3	525	8	67	FEMME	H1V 3G7	D	N.A.	4
6	1275	8	38	F	H2P	I	41C	2
13	959	8	48	M	H1L	I	38C	5
9	1286	8	35	HOMME	H2K 3E5	I	38.4	3
12	1222	8	11	H	H2P	I	40	4
4	671	8	21	MAN	H3W1A3	I	105F	4
0	442	8	35	F	H1A	D	NA	5
4	542	8	53	MAN	H2Y3Z7	D	N/A	2
1	1464	8	32	H	H2K	I	40°C	5
6	365	8	38	F	H3K	D	NA	6
8	607	8	31	FEMALE	H2J2T4	D	N/A	3
2	1210	8	0	FEMME	H3N2W7	I	39,2 C	5
7	907	8	51	HOMME	H3N2E3	I	39,3C	3
6	54	8	77	M	H3C	I	38C	4
7	1394	8	12	FEMME	H2B2Y9	I	41,5C	5
2	35	8	75	HOMME	H1W3G3	I	36,2 C	8
12	934	8	32	F	H2J	I	39	4
2	753	8	50	HOMME	H1M1G3	I	41,4 C	4
0	1422	8	26	F	H2H	I	105°F	3
2	1051	8	43	HOMME	H3P3M6	I	39,7 C	2
12	1368	8	38	F	H2X	I	40	3
0	1092	8	52	M	H1E	I	105°F	2
6	813	8	45	F	H1L	I	41C	4
10	733	8	46	HOMME	H2B2N5	I	104,7°F	2
13	302	8	36	M	H2Y	D	NA	3
3	1435	8	31	FEMME	H3C 4J9	I	104	5
1	598	8	83	F	H1L	D	0	3
2	814	8	45	HOMME	H2K3M5	I	39,9 C	1
0	134	8	66	M	H2L	I	100°F	7
4	566	8	32	MAN	H2G3A8	D	N/A	2
10	1285	8	56	HOMME	H3C1Y7	I	102,4°F	3
11	1008	8	1	FEMME	H3W1N4	I	101F	2
11	406	8	91	HOMME	H3C6H5	I	216F	2
4	1534	8	55	MAN	H2P2M4	I	103F	5
3	672	8	57	FEMME	H2V 4H6	I	106	4
4	298	8	31	MAN	H3W2E1	D	N/A	3
11	1413	8	80	HOMME	H2M2B2	I	103F	2
5	463	8	17	FEMME	H1W 1S9	I	102,0	3
13	625	8	41	M	H1L	D	NA	6
10	774	8	7	HOMME	H1T1R7	I	103,8°F	3
2	276	8	7	FEMME	H1X3P3	D	N.A.	3
5	412	8	11	HOMME	H1L 4J1	D	NON APPLICABLE	5
9	308	8	20	HOMME	H1K 4A8	D	NON APPLICABLE	4
12	1115	8	1	H	H1X	I	39	3
8	1120	8	30	MALE	H3L3A2	I	39.5°C	3
11	584	8	12	FEMME	H1K4V2	D	N.A.	6
1	602	8	16	H	H3B	D	0	5
1	1565	8	12	F	H2J	I	39°C	3
13	231	8	57	M	H4C	I	39C	5
6	1031	8	55	F	H2Z	I	40C	3
9	409	8	60	FEMME	H1T 2X2	D	NON APPLICABLE	3
0	1466	8	85	M	H1M	I	103°F	2
10	541	8	52	HOMME	H1Z1T3	D	NONAPPLICABLE	6
6	995	8	16	M	H4A	I	40C	1
5	300	8	68	HOMME	H1A 2H8	D	NON APPLICABLE	4
8	1081	8	10	MALE	H2G2X4	I	39.7°C	3
5	797	8	41	FEMME	H3K 2N9	I	41,1	5
11	1509	8	33	FEMME	H2W1E7	I	101F	5
10	73	8	33	FEMME	H1L3G4	I	102,8°F	7
7	250	8	27	FEMME	H1T3P7	I	39,2C	3
5	1071	8	63	FEMME	H1W 2L9	I	39,1	2
4	382	8	10	GIRL	H3C2G8	D	N/A	5
12	632	8	81	H	H3L	D	0	2
2	534	8	7	HOMME	H2K3E9	D	N.A.	6
6	1503	8	16	F	H3A	I	41C	3
7	838	8	6	FEMME	H1E2X2	I	39,4C	2
4	892	8	56	MAN	H2L4S6	I	104F	5
0	28	8	38	M	H3C	I	104°F	9
10	126	8	42	FEMME	H3K2B7	I	102,5°F	6
5	586	8	68	FEMME	H3W 3J1	D	NON APPLICABLE	2
2	743	8	76	FEMME	H2M2G8	I	40,9 C	5
3	731	8	38	HOMME	H2C 1R5	I	102	5
11	174	8	52	FEMME	H3K1H7	I	101F	5
12	1483	8	10	F	H2S	I	42	4
2	955	8	17	FEMME	H1W3E5	I	40,0 C	4
1	865	8	61	F	H1Y	I	40°C	1
2	158	8	22	HOMME	H2K4B6	I	42,5 C	7
10	930	8	12	FEMME	H1X2J4	I	105,4°F	1
6	1060	8	41	F	H2K	I	39C	1
4	277	8	77	MAN	H3K2V3	D	N/A	4
10	986	8	55	FEMME	H1L5K9	I	104,4°F	3
8	438	8	1	MALE	H2S1J6	D	N/A	2
9	150	8	62	FEMME	H4C 1R5	I	41.05	5
3	1575	8	36	HOMME	H4E 1B4	I	104	5
8	1359	8	60	MALE	H4K1Z8	I	39.8°C	4
13	791	8	68	M	H3K	I	38C	3
1	562	8	61	F	H1E	D	0	2
0	1279	8	17	F	H1N	I	103°F	1
3	33	8	53	FEMME	H3C 5Y7	D	N.A.	7
2	293	8	66	FEMME	H3Y3K5	D	N.A.	6
3	1206	8	28	HOMME	H4A 2C5	I	102	3
1	668	8	36	F	H2K	I	42°C	3
10	793	8	35	HOMME	H1X2H2	I	102,7°F	4
7	414	8	40	HOMME	H1E2A4	D	N.A.	2
8	568	8	31	FEMALE	H2G2W9	D	N/A	5
4	1426	8	52	MAN	H1Y1X2	I	103F	5
8	862	8	48	FEMALE	H2S2L7	I	40.9°C	3
2	688	8	12	FEMME	H3X2H7	I	39,5 C	4
11	1204	8	36	FEMME	H1E6J1	I	103F	1
10	1465	8	61	FEMME	H1L5H8	I	102,2°F	1
2	683	8	75	FEMME	H1A2G7	I	40,2 C	4
12	925	8	18	H	H1M	I	40	3
13	1244	8	28	F	H1Z	I	40C	3
1	1202	8	46	F	H4C	I	39°C	3
7	1029	8	50	HOMME	H3G1A3	I	38,9C	2
10	719	8	58	HOMME	H2N1M4	I	106,5°F	1
13	1429	8	45	M	H1E	I	39C	5
4	1488	8	11	BOY	H2K3E1	I	101F	5
11	1076	8	7	FEMME	H2Z0A3	I	103F	2
8	594	8	30	FEMALE	H4V1J7	D	N/A	3
6	386	8	30	F	H3N	D	NA	3
5	330	8	22	FEMME	H4P 2C9	D	NON APPLICABLE	5
12	737	8	73	F	H4A	I	39	5
12	508	8	52	H	H3M	D	0	6
11	268	8	3	HOMME	H2T1T6	I	105F	3
11	857	8	40	FEMME	H3K1Z1	I	104F	2
11	393	8	12	HOMME	H2J3W1	D	N.A.	5
9	1553	8	75	FEMME	H1E 1J8	I	39.7	1
9	825	8	58	HOMME	H2V 1S4	I	38.8	1
4	1513	8	46	MAN	H4V1R1	I	103F	1
10	173	8	2	FEMME	H2V1C1	I	101,8°F	3
8	1550	8	38	MALE	H1Z1Z5	I	40.1°C	4
7	516	8	28	HOMME	H2E1G6	D	N.A.	5
12	1111	8	66	H	H2S	I	38	3
12	1511	8	42	H	H3C	I	39	1
1	1381	8	53	F	H2K	I	40°C	4
12	674	8	58	F	H4C	I	40	2
6	480	8	7	F	H2A	D	NA	3
9	807	8	33	FEMME	H1L 4N9	I	38.9	5
7	1047	8	5	HOMME	H1Z3B3	I	39,2C	2
4	855	8	62	WOMAN	H1L6C8	I	107F	2
6	1093	8	82	F	H2G	I	39C	3
12	1533	8	52	F	H2S	I	40	5
2	97	8	66	HOMME	H3C3P1	I	37,9 C	6
11	416	8	68	FEMME	H1X2M1	D	N.A.	6
6	1132	8	5	F	H2S	I	39C	4
12	455	8	12	F	H1Y	I	103	2
3	634	8	37	HOMME	H1C 1N6	D	N.A.	5
5	886	8	51	HOMME	H3K 1H7	I	39,1	5
2	569	8	33	FEMME	H2Z1V8	D	N.A.	6
5	139	8	36	FEMME	H2A 1S9	I	39,74	4
11	1150	8	20	FEMME	H1L6C3	I	102F	1
13	1337	8	35	F	H4V	I	41C	2
1	361	8	67	H	H2S	D	0	3
6	1582	8	16	F	H2K	I	39C	1
4	873	8	12	GIRL	H3S1E3	I	104F	4
3	1507	8	56	FEMME	H4P 1V5	I	102	1
11	319	8	48	FEMME	H4C3E1	D	N.A.	5
10	732	8	71	FEMME	H2P1M3	I	103,5°F	2
9	1419	8	41	FEMME	H3A 3J6	I	39.7	2
8	1125	8	25	MALE	H2L4J8	I	38.7°C	1
11	815	8	20	HOMME	H2J3C3	I	103F	3
1	1477	8	22	H	H3W	I	39°C	1
9	805	8	87	FEMME	H2K 2B7	I	41.0	5
1	1013	8	63	F	H1M	I	40°C	1
10	1319	8	28	HOMME	H2K1J3	I	102,2°F	3
4	1577	8	41	WOMAN	H2R1G8	I	105F	3
1	556	8	53	F	H3X	I	102°C	2
2	17	8	20	HOMME	H3B2C9	I	42,3 C	6
10	691	8	0	HOMME	H1V2V3	I	102,6°F	4
11	343	8	51	HOMME	H2W2S1	D	N.A.	3
10	360	8	83	FEMME	H2N1T6	D	NONAPPLICABLE	6
7	832	8	0	HOMME	H1V3G4	I	39,3C	4
13	788	8	25	F	H1L	I	39C	1
0	958	8	12	F	H1L	I	102°F	1
3	1228	8	45	FEMME	H3K 1Z6	I	104	3
2	1378	8	85	FEMME	H1V2L2	I	40,3 C	4
5	41	8	25	HOMME	H2G 1G5	I	43,11	6
12	908	8	57	F	H2A	I	39	2
12	890	8	30	H	H4V	I	40	1
12	42	8	42	H	H2Y	I	37	6
12	918	8	2	F	H1L	I	39	2
3	357	8	17	FEMME	H1L 5R6	D	N.A.	6
3	27	8	53	HOMME	H3B 2L5	I	99	6
3	1474	8	57	HOMME	H3S 2J2	I	103	5
1	1185	8	40	F	H2J	I	39°C	3
5	184	8	12	FEMME	H3C 1R3	I	38,49	4
13	977	8	41	M	H2L	I	40C	4
11	1430	8	18	FEMME	H2L1B6	I	103F	3
5	906	8	48	HOMME	H1Y 3G2	I	39,4	2
9	75	8	31	FEMME	H3W 1E7	I	40.28	5
9	1163	8	83	HOMME	H3B 1A6	I	40.1	2
7	606	8	51	FEMME	H2W1R9	D	N.A.	4
0	929	8	23	F	H4B	I	102°F	5
10	1520	8	46	HOMME	H4J2G5	I	102,9°F	4
0	614	8	71	M	H1V	D	NA	2
4	367	8	11	GIRL	H1L4X4	D	N/A	6
1	440	8	65	F	H2K	D	0	2
0	423	8	42	F	H4N	I	218°F	3
3	1490	8	70	FEMME	H1M 1C5	I	104	4
5	803	8	30	HOMME	H1C 0A9	I	38,4	4
2	318	8	16	HOMME	H2T1R1	D	N.A.	4
12	1558	8	30	F	H2B	I	41	3
2	1023	8	72	FEMME	H4N2R9	I	40,8 C	1
11	251	8	61	FEMME	H1Y2E6	I	97F	4
3	1428	8	73	HOMME	H2K 2E6	I	104	2
7	608	8	2	FEMME	H3G2V1	D	N.A.	3
12	1393	8	42	H	H2R	I	40	4
9	1191	8	41	FEMME	H2L 3J5	I	38.4	3
1	301	8	2	H	H1C	D	0	4
3	1138	8	61	HOMME	H2K 2V8	I	106	5
13	804	8	1	F	H3X	I	40C	5
6	151	8	7	F	H3B	I	40C	3
3	324	8	61	FEMME	H2J 3N4	D	N.A.	5
12	988	8	36	H	H1E	I	40	5
9	422	8	51	FEMME	H1V 2R6	D	NON APPLICABLE	5
11	1382	8	47	FEMME	H1N2Z6	I	103F	3
13	536	8	70	M	H2H	D	NA	3
5	453	8	40	HOMME	H2B 3C3	D	NON APPLICABLE	2
12	631	8	11	F	H1N	D	0	3
7	338	8	56	HOMME	H2L1Y6	D	N.A.	2
12	1467	8	30	F	H3W	I	41	1
11	1005	8	22	FEMME	H1E2R9	I	105F	5
13	780	8	3	F	H2C	I	39C	4
8	1262	8	66	FEMALE	H1C1L4	I	40.4°C	2
4	1230	8	67	WOMAN	H3W2X6	I	106F	1
12	1436	8	66	H	H2G	I	41	1
2	58	8	62	HOMME	H1M2G6	I	39,9 C	4
10	1527	8	5	FEMME	H1E5Y1	I	104°F	5
6	1239	8	7	F	H1Z	I	38C	3
7	331	8	46	HOMME	H4C1W6	D	N.A.	3
4	471	8	7	BOY	H2L4E6	D	N/A	3
7	1221	8	46	FEMME	H1Z1S4	I	39,2C	3
1	1421	8	7	H	H3G	I	40°C	2
8	252	8	8	FEMALE	N/A	I	39.6°C	6
2	1397	8	53	HOMME	H4J2E5	I	40,3 C	3
9	565	8	65	FEMME	H1V 1W3	D	NON APPLICABLE	3
13	1334	8	18	M	H3H	I	39C	3
13	256	8	20	M	H2L	I	37C	4
2	1499	8	33	HOMME	H1T2A8	I	39,2 C	4
8	1384	8	46	FEMALE	H1L1H7	I	39.2°C	2
4	696	8	10	GIRL	H1A5S5	I	105F	2
5	1329	8	35	FEMME	H4C 1N5	I	38,9	1
9	69	8	55	FEMME	H1W 2E5	I	37.32	4
12	1101	8	60	F	H3M	I	39	3
2	449	8	20	HOMME	H3V1H7	D	N.A.	6
1	1551	8	6	H	H3A	I	40°C	5
13	45	8	23	F	H1V	I	37C	8
9	1010	8	8	HOMME	H4P 1X3	I	40.4	1
12	1038	8	33	H	H3M	I	42	3
7	887	8	16	HOMME	H3J2V9	I	38,8C	5
11	1080	8	33	FEMME	H2L2V4	I	107F	4
7	718	8	55	HOMME	H4K1E5	I	38,7C	1
0	948	8	23	M	H2S	I	102°F	1
4	1248	8	57	MAN	H2B1X5	I	104F	5
0	539	8	61	F	H2T	D	NA	5
6	1326	8	32	M	H3K	I	39C	2
8	640	8	40	FEMALE	H2P1Z2	D	N/A	4
6	627	8	76	F	H1E	D	NA	5
0	717	8	40	F	H1Y	I	106°F	5
10	1174	8	46	FEMME	H1E5S9	I	104,9°F	4
12	1127	8	16	F	H3C	I	40	1
7	1538	8	56	FEMME	H1M2B7	I	38,7C	1
11	771	8	63	FEMME	H1T3N5	I	101F	3
9	1157	8	48	FEMME	H2C 2A8	I	38.6	3
6	869	8	22	M	H3C	I	39C	2
3	893	8	25	HOMME	H1L 5H2	I	103	3
10	27	9	53	HOMME	H3B2L5	R	99°F	7
8	1763	9	15	MALE	H2C2K3	I	105°C	3
7	3784	9	28	FEMME	H4B2V6	I	102C	3
6	1481	9	0	F	H1X	I	41C	4
5	2093	9	15	FEMME	H3M 1E4	I	102,0	4
8	1630	9	10	MALE	H1X2S1	I	102°C	4
12	705	9	32	H	H2J	I	40	6
8	2466	9	66	MALE	H1E2R3	I	103°C	4
11	1175	9	43	FEMME	H2S1Y6	D	N.A.	5
12	3541	9	57	F	H2V	I	104	3
10	1949	9	43	FEMME	H2G2C5	I	215,6°F	5
7	1412	9	33	HOMME	H1M3H4	I	39,3C	2
9	782	9	22	FEMME	H1L 3B6	I	39.02	3
1	2667	9	32	H	H2L	I	103°C	5
2	3053	9	13	FEMME	H2Y2B5	I	104,0 C	5
5	2516	9	18	FEMME	H1L 4N2	I	102,0	1
6	733	9	46	M	H2B	D	NA	3
7	1255	9	52	HOMME	H1W2A4	I	38,8C	2
5	2076	9	5	FEMME	H1M 2K1	I	106,0	3
8	2806	9	0	MALE	H4V2H6	I	105°C	1
12	1827	9	53	F	H4A	I	104	2
9	2969	9	58	HOMME	H3L 3V3	I	104.0	5
11	3400	9	41	FEMME	H2P2K2	I	225F	3
5	805	9	87	FEMME	H2K 2B7	D	NON APPLICABLE	6
8	2352	9	35	FEMALE	H3S2G1	I	101°C	3
11	3139	9	98	FEMME	H2Z1Z2	I	219F	2
0	3682	9	40	M	H3N	I	216°F	3
2	1107	9	25	FEMME	H2Y2G1	I	39,9 C	4
13	3222	9	35	M	H2K	I	103C	3
4	2939	9	45	WOMAN	H2E2B7	I	219F	2
6	1745	9	85	M	H1E	I	102C	4
5	2345	9	51	HOMME	H2B 2E4	I	104,0	2
5	3280	9	50	HOMME	H1L 3M2	I	104,0	4
8	2101	9	50	FEMALE	H1M2A4	I	105°C	4
12	756	9	41	H	H1T	D	0	5
1	2470	9	47	F	H1N	I	103°C	1
13	2988	9	57	M	H1M	I	105C	4
6	1655	9	50	F	H1X	I	102C	3
10	1966	9	52	FEMME	H4A1A4	I	215,6°F	4
3	2528	9	36	HOMME	H4A 2L5	I	219	3
12	3020	9	65	F	H2W	I	107	1
5	1046	9	20	HOMME	H3S 1X6	I	37,51	5
5	676	9	65	FEMME	H2A 1E2	I	40,5	4
9	3678	9	53	FEMME	H2A 1J7	I	101.0	1
9	1798	9	88	FEMME	H3G 1P6	I	101.0	3
2	1594	9	41	FEMME	H2L1R6	I	104,0 C	1
9	2012	9	60	HOMME	H1L 2Z3	I	104.0	2
7	2890	9	30	HOMME	H3S1B2	I	105C	5
7	1078	9	46	HOMME	H2B1G9	I	38C	5
13	2983	9	43	M	H1L	I	102C	2
0	3659	9	82	M	H4V	I	214°F	3
8	2320	9	77	FEMALE	H4V1M4	I	102°C	4
5	1305	9	0	HOMME	H4V 1X5	D	NON APPLICABLE	2
3	1510	9	90	FEMME	H3J 1Y6	I	102	6
3	2820	9	30	FEMME	H2E 2L3	I	216	1
13	1687	9	80	F	H2K	I	102C	5
2	2835	9	51	HOMME	H1M3K7	I	107,0 C	2
4	1709	9	5	BOY	H3M2Y7	I	214F	1
9	1266	9	41	FEMME	H2P 1E1	D	NON APPLICABLE	5
0	2897	9	56	F	H2S	I	216°F	5
10	1813	9	8	FEMME	H1W2W8	I	219,2°F	1
8	3568	9	41	FEMALE	H1Z3L5	I	103°C	4
12	3477	9	73	H	H3H	I	104	1
12	249	9	58	H	H4E	I	37	6
10	1182	9	47	HOMME	H1E2W3	D	NONAPPLICABLE	2
13	2031	9	52	M	H2H	I	103C	5
2	3107	9	31	HOMME	H3C1P4	I	106,0 C	1
10	808	9	11	HOMME	H1Y1L5	I	101,5°F	2
0	1215	9	5	M	H2P	D	NA	2
5	679	9	27	HOMME	H1M 2P4	I	40,37	6
6	2804	9	78	F	H4B	I	101C	4
13	1374	9	7	F	H1T	I	40C	4
10	2342	9	88	FEMME	H1C2E9	I	224,6°F	4
0	2586	9	15	F	H3L	I	221°F	5
1	2269	9	63	F	H1N	I	108°C	5
12	2293	9	11	H	H1C	I	107	3
4	2825	9	20	MAN	H2J1S2	I	217F	5
3	1982	9	3	HOMME	H2W 2R3	I	225	3
11	1445	9	60	HOMME	H1V3N6	I	102F	2
12	3580	9	51	F	H1X	I	103	3
6	3739	9	18	M	H1N	I	103C	4
8	1054	9	20	FEMALE	H1Z3T7	I	39.8°C	5
2	1366	9	0	FEMME	H2A2P9	I	37,5 C	6
13	2705	9	28	F	H3G	I	106C	1
10	2723	9	61	FEMME	H2L0A3	I	217,4°F	2
4	3460	9	11	GIRL	H1V1V3	I	223F	3
7	3224	9	5	FEMME	H1V1H1	I	103C	3
2	1118	9	1	FEMME	H3S2B6	I	39,3 C	3
9	747	9	30	HOMME	H4E 3K3	I	36.74	4
4	1310	9	16	MAN	H2P1V1	D	N/A	6
5	1278	9	50	FEMME	H3C 1N3	D	NON APPLICABLE	3
4	1955	9	51	WOMAN	H3X1A3	I	217F	4
9	2291	9	36	FEMME	H2C 2K3	I	102.0	3
12	2375	9	66	H	H2C	I	107	1
7	2961	9	28	FEMME	H2E2G9	I	103C	3
4	1916	9	80	WOMAN	H1X1Z1	I	223F	4
4	179	9	23	WOMAN	H4C2N8	I	100F	6
1	1555	9	38	H	H4V	I	38°C	4
3	3141	9	60	HOMME	H1Y 3K9	I	221	5
12	2720	9	8	F	H4C	I	101	1
8	2407	9	15	MALE	H2R1N2	I	101°C	1
11	2206	9	50	FEMME	H1A5R8	I	216F	3
12	1133	9	21	F	H3C	D	0	3
12	2759	9	46	H	H3W	I	103	1
1	1291	9	50	H	H4Z	I	43°C	3
7	3286	9	41	FEMME	H3A3N2	I	103C	3
8	1801	9	68	FEMALE	H4J1W4	I	103°C	1
5	1564	9	11	HOMME	H1L 4L3	I	39,49	3
12	770	9	53	F	H2K	I	38	4
6	1385	9	30	M	H3G	I	39C	5
12	526	9	81	H	H4C	I	70	5
11	2216	9	51	HOMME	H3N2J4	I	217F	5
13	2215	9	37	M	H1Y	I	105C	5
9	3346	9	47	HOMME	H3H 2R9	I	103.0	3
12	3734	9	52	H	H1L	I	102	5
2	3514	9	13	FEMME	H2R2W9	I	106,0 C	1
8	3632	9	20	FEMALE	H2G2J8	I	103°C	4
10	2955	9	30	FEMME	H3Z1A1	I	222,8°F	1
10	2885	9	57	HOMME	H1W2S3	I	215,6°F	3
12	814	9	45	H	H2K	I	40	2
2	2354	9	78	FEMME	H2X1M2	I	104,0 C	3
4	3510	9	41	MAN	H3J1V5	I	219F	1
10	2313	9	41	FEMME	H1L3M9	I	215,6°F	5
2	1902	9	16	FEMME	H1W2Z5	I	103,0 C	2
3	1546	9	85	HOMME	H1T 2N5	D	N.A.	6
0	3227	9	11	F	H2K	I	223°F	3
1	1434	9	1	F	H3N	I	39°C	4
9	1284	9	65	FEMME	H3L 1G8	I	36.45	5
2	2380	9	25	FEMME	H2C2N7	I	101,0 C	1
3	1530	9	52	HOMME	H3W 2V3	D	N.A.	5
12	3036	9	42	H	H1W	I	106	4
4	957	9	35	WOMAN	H1Z1Y6	I	103F	4
5	1449	9	2	HOMME	H2J 4E2	I	41,43	2
3	2905	9	5	FEMME	H2W 2H6	I	221	2
3	2344	9	2	FEMME	H2R 2Y1	I	219	3
11	1027	9	71	HOMME	H3S1S6	D	N.A.	3
5	1273	9	31	HOMME	H3B 2V9	I	40,33	6
5	1598	9	72	HOMME	H2L 5G1	I	102,0	3
6	1143	9	45	F	H1L	I	40C	5
10	1603	9	26	FEMME	H3G1N8	I	215,6°F	5
6	228	9	36	F	H2L	I	39C	8
13	3003	9	62	M	H3B	I	106C	1
3	1441	9	52	HOMME	H3M 2R6	D	N.A.	4
2	695	9	23	FEMME	H3K2W7	D	N.A.	2
5	3603	9	42	FEMME	H1M 3C3	I	102,0	3
11	901	9	12	FEMME	H1L1M1	I	99F	3
9	2654	9	83	FEMME	H1T 3H5	I	103.0	1
10	509	9	13	FEMME	H2S2T2	I	150,2°F	3
13	3293	9	68	M	H3A	I	101C	2
0	2408	9	17	F	H2R	I	217°F	3
13	2175	9	5	F	H3H	I	102C	2
6	2090	9	45	M	H3H	I	102C	1
0	2773	9	16	M	H2X	I	221°F	3
9	2642	9	8	HOMME	H1N 1V1	I	102.0	5
3	1867	9	48	HOMME	H2X 3A9	I	216	1
13	2230	9	56	M	H3B	I	102C	5
0	1729	9	33	M	H3W	I	223°F	1
9	3338	9	3	HOMME	H1E 1M2	I	107.0	3
6	1169	9	60	M	H1N	I	38C	3
8	2732	9	30	MALE	H1L2S5	I	102°C	4
11	2636	9	12	FEMME	H3S1S6	I	217F	2
11	1102	9	52	HOMME	H2S1J4	I	105F	4
2	2554	9	63	FEMME	H2A1Y1	I	102,0 C	1
1	3156	9	73	H	H2J	I	104°C	4
6	3044	9	32	F	H1L	I	103C	4
1	1456	9	20	H	H4V	D	0	3
0	1721	9	65	F	H4K	I	216°F	5
10	1984	9	47	FEMME	H1K2V5	I	217,4°F	4
4	2018	9	61	WOMAN	H3L2W8	I	217F	4
5	1715	9	77	FEMME	H1E 3Y7	I	105,0	2
2	1032	9	22	HOMME	H3J1P2	I	39,2 C	2
3	1295	9	33	HOMME	H3K 1R2	D	N.A.	4
6	3197	9	96	F	H3A	I	107C	2
5	2620	9	8	HOMME	H3C 5G3	I	101,0	1
0	2677	9	8	M	H2P	I	219°F	3
0	3326	9	51	M	H3W	I	216°F	4
2	1363	9	42	HOMME	H1Z3P1	I	39,8 C	4
6	1055	9	52	F	H3A	I	38C	6
3	2245	9	71	FEMME	H3V 1C5	I	216	2
12	1735	9	76	H	H3C	I	107	5
2	1929	9	50	HOMME	H3L1X9	I	103,0 C	5
5	2357	9	41	FEMME	H4E 3R9	I	105,0	3
9	3242	9	31	HOMME	H2M 1T5	I	103.0	1
5	1924	9	70	HOMME	H2X 1E6	I	106,0	2
7	1413	9	80	HOMME	H2M2B2	I	39C	3
8	2954	9	13	FEMALE	H2G1P7	I	106°C	5
10	3513	9	20	FEMME	H3C1C8	I	213,8°F	3
1	1747	9	25	H	H1L	I	102°C	2
3	870	9	6	FEMME	H2L 2Z5	I	103	5
7	1868	9	31	HOMME	H1X3H8	I	107C	1
1	1934	9	72	F	H1N	I	105°C	3
0	1890	9	41	M	H3T	I	217°F	3
10	1686	9	60	FEMME	H2N1X1	I	215,6°F	4
7	2709	9	28	HOMME	H2S2L9	I	106C	5
12	2355	9	58	H	H1X	I	102	5
7	1468	9	17	FEMME	H1E1E2	D	N.A.	5
9	2349	9	1	FEMME	H1X 1K9	I	103.0	3
3	2851	9	57	FEMME	H2M 1W7	I	214	3
1	2861	9	38	F	H2H	I	102°C	4
3	2243	9	31	HOMME	H2K 1Z1	I	219	3
1	1595	9	47	F	H2K	I	105°C	3
5	1993	9	58	FEMME	H2R 2H3	I	102,0	4
9	952	9	35	HOMME	H3M 1E5	I	37.95	4
2	1009	9	55	HOMME	H1V1K4	I	42,3 C	3
7	1140	9	37	FEMME	H2B2Y1	D	N.A.	6
12	2743	9	63	H	H1L	I	101	3
13	2931	9	28	M	H3C	I	105C	2
7	3381	9	8	HOMME	H3W1R6	I	103C	2
11	1561	9	6	HOMME	H1E3S9	I	100F	4
11	101	9	40	FEMME	H3N2P8	I	101F	7
8	1189	9	6	MALE	H3M2C1	I	39.4°C	3
12	908	9	57	F	H2A	I	38	3
3	1292	9	11	HOMME	H2E 2K9	I	103	4
3	2633	9	40	HOMME	H2R 2B6	I	219	1
10	798	9	17	FEMME	H3W1K2	I	103,4°F	3
0	2588	9	3	M	H2K	I	216°F	1
3	158	9	22	HOMME	H2K 4B6	D	N.A.	8
9	1227	9	75	HOMME	H1V 2Y4	I	38.97	4
0	1421	9	7	M	H3G	I	104°F	3
9	2473	9	58	FEMME	H2E 2M3	I	104.0	2
10	1727	9	15	FEMME	H2W2N9	I	213,8°F	3
3	1744	9	75	HOMME	H2P 1N3	I	219	5
13	1606	9	65	M	H3K	I	104C	3
3	1938	9	3	FEMME	H2M 2W6	I	217	5
9	1985	9	42	HOMME	H1T 1B6	I	106.0	5
10	2042	9	11	HOMME	H3X1B8	I	213,8°F	5
2	2533	9	8	FEMME	H3K2X1	I	104,0 C	4
11	270	9	26	HOMME	H2H1A8	I	100F	8
4	2084	9	61	MAN	H1L2P7	I	216F	5
3	1836	9	57	FEMME	H1V 2G8	I	214	3
13	1690	9	57	F	H3C	I	107C	4
7	3728	9	32	FEMME	H2B2R1	I	102C	1
6	3751	9	48	F	H3W	I	102C	5
6	3089	9	97	F	H1X	I	102C	4
9	1000	9	53	FEMME	H4C 2E1	I	40.06	2
9	2135	9	55	FEMME	H2J 2L2	I	105.0	2
8	2847	9	33	MALE	H1T3B9	I	103°C	5
5	1139	9	15	HOMME	H2W 2J1	I	38,6	5
9	2993	9	38	FEMME	H4V 1N4	I	104.0	5
6	1022	9	41	M	H2L	I	39C	2
12	2191	9	16	X	H2B	I	101	5
7	202	9	57	FEMME	H2X2B3	I	37,6C	7
2	1423	9	20	FEMME	H1V1V2	I	37,9 C	6
13	3116	9	38	M	H1L	I	103C	4
12	3354	9	40	F	H2X	I	102	5
3	2632	9	56	HOMME	H3J 1B1	I	217	1
10	702	9	42	FEMME	H1C1G1	D	NONAPPLICABLE	5
7	2155	9	63	FEMME	H1L6G4	I	103C	3
8	1608	9	10	MALE	H1W2E5	I	104°C	2
0	2849	9	42	M	H4C	I	221°F	5
3	801	9	63	FEMME	H2L 4H8	D	N.A.	2
12	830	9	25	F	H3A	I	39	3
11	1080	9	33	FEMME	H2L2V4	D	N.A.	5
6	3212	9	52	F	H1M	I	102C	4
11	1669	9	7	FEMME	H3L1W8	I	221F	1
10	1330	9	11	HOMME	H1T1S7	I	103,6°F	6
4	3704	9	11	BOY	H1X1R9	I	216F	4
6	1039	9	70	F	H2W	I	40C	6
3	1113	9	36	HOMME	H1M 3X4	D	N.A.	3
5	2048	9	13	HOMME	H2C 3H7	I	103,0	2
3	924	9	23	HOMME	H2M 1K6	I	103	2
12	1174	9	46	F	H1E	D	0	5
12	1373	9	37	H	H3L	I	39	5
0	1999	9	42	M	H2A	I	219°F	2
1	3706	9	10	H	H3M	I	102°C	4
13	3266	9	73	F	H1W	I	106C	3
2	686	9	47	FEMME	H2K3W5	I	40,0 C	5
1	2534	9	13	F	H2C	I	105°C	3
13	667	9	33	F	H4J	I	40C	4
7	3294	9	37	HOMME	H3M1T7	I	106C	1
6	3046	9	8	M	H2A	I	104C	4
4	2487	9	48	MAN	H1E1H5	I	216F	5
9	1587	9	60	FEMME	H2A 3P8	I	102.0	5
3	3611	9	38	FEMME	H4C 1V2	I	217	4
1	1726	9	67	F	H1K	I	102°C	2
13	2140	9	12	F	H3L	I	104C	5
3	2213	9	51	HOMME	H3T 2A4	I	217	5
5	3577	9	48	FEMME	H3M 2G5	I	103,0	3
7	2637	9	73	FEMME	H2B1V3	I	104C	4
1	3017	9	45	F	H3K	I	103°C	5
10	2952	9	35	HOMME	H1E6R3	I	217,4°F	5
5	3596	9	23	FEMME	H3A 1Y7	I	102,0	4
9	1703	9	3	FEMME	H3X 3S9	I	103.0	5
11	2403	9	42	FEMME	H2K4G6	I	217F	1
11	2569	9	0	HOMME	H2L3M8	I	221F	3
4	2150	9	65	WOMAN	H4J1R1	I	216F	1
11	2999	9	82	FEMME	H3L1K8	I	216F	5
10	2829	9	52	HOMME	H2A3C9	I	221°F	3
1	2514	9	52	F	H1M	I	104°C	3
12	1190	9	2	H	H3X	D	0	4
5	3191	9	43	HOMME	H3H 1J6	I	106,0	1
10	3487	9	0	HOMME	H2L2Z1	I	215,6°F	3
8	2406	9	18	MALE	H4B3A1	I	104°C	2
3	675	9	38	FEMME	H3G 2H6	I	101	2
7	3761	9	57	HOMME	H4E3M3	I	102C	3
13	3137	9	37	M	H4A	I	102C	4
8	2425	9	73	FEMALE	H3A3T1	I	102°C	1
7	1225	9	1	FEMME	N.A.	I	38,9C	6
6	1301	9	65	M	H2J	D	NA	6
5	1520	9	46	HOMME	H4J 2G5	I	39,18	5
12	3668	9	25	H	H2R	I	102	1
9	3291	9	58	FEMME	H2H 1A1	I	102.0	1
5	2125	9	17	FEMME	H3J 1L2	I	104,0	4
2	73	9	33	FEMME	H1L3G4	I	41,1 C	8
12	2262	9	5	F	H2J	I	106	1
4	1479	9	15	GIRL	H2C1R6	D	N/A	3
10	2657	9	28	HOMME	H4A2W7	I	224,6°F	2
8	3124	9	57	FEMALE	H1Z2X9	I	104°C	2
10	1446	9	11	HOMME	H1V3H6	I	101,8°F	5
8	1112	9	41	FEMALE	H3P3M8	D	N/A	2
3	3277	9	62	HOMME	H5B 1H5	I	216	1
1	3530	9	42	F	H2X	I	105°C	1
11	2212	9	36	FEMME	H1W3W2	I	217F	5
1	3612	9	42	F	H3J	I	103°C	5
12	2945	9	67	F	H2A	I	102	3
8	1553	9	75	FEMALE	H1E1J8	I	39.6°C	2
7	2989	9	63	FEMME	H1L5B9	I	102C	2
11	2181	9	33	FEMME	H4V1S6	I	221F	5
4	3251	9	16	WOMAN	H2R2M7	I	217F	3
3	3749	9	46	FEMME	H3C 3J7	I	217	4
1	1378	9	85	F	H1V	D	0	5
2	2867	9	33	HOMME	H4E2Z2	I	101,0 C	1
1	145	9	30	H	H2Z	I	39°C	7
12	3657	9	37	H	H3W	I	102	1
1	3023	9	46	F	H3C	I	103°C	1
0	981	9	33	M	H4J	I	102°F	5
1	1688	9	15	F	H2M	I	104°C	2
4	2123	9	33	WOMAN	H4V2G1	I	221F	1
8	1617	9	67	MALE	H4E2W1	I	103°C	3
8	3540	9	60	MALE	H4J1H7	I	103°C	4
4	1348	9	17	MAN	H3M2R2	D	N/A	6
11	1926	9	38	FEMME	H3X1G4	I	219F	2
7	2795	9	11	HOMME	H4E4G8	I	107C	1
5	1201	9	32	FEMME	H1W 1H9	I	39,56	2
13	1675	9	78	M	H2B	I	105C	1
2	3453	9	31	HOMME	H4J1H8	I	103,0 C	2
13	867	9	0	M	H2L	I	38C	2
0	1163	9	83	M	H3B	D	NA	3
13	1918	9	88	F	H2R	I	105C	3
9	3552	9	31	HOMME	H1K 4B3	I	103.0	1
1	1184	9	51	F	H2A	I	40°C	3
9	165	9	53	HOMME	H1W 3Y7	I	40.39	6
4	2507	9	42	MAN	H1X1K8	I	221F	2
0	3676	9	53	M	H1E	I	216°F	1
0	913	9	52	M	H2A	I	102°F	5
13	1978	9	43	M	H1K	I	104C	2
4	2239	9	46	MAN	H1Y1L7	I	217F	4
12	2684	9	70	H	H2W	I	106	1
5	2581	9	18	HOMME	H1N 1B7	I	107,0	5
7	1832	9	5	FEMME	H3M1W3	I	103C	1
3	2348	9	45	FEMME	H4K 1R2	I	214	3
8	1746	9	51	FEMALE	H2M1N8	I	103°C	5
1	3524	9	73	F	H3B	I	102°C	1
10	2419	9	66	HOMME	H2J1W3	I	221°F	1
7	1677	9	63	HOMME	H1K5B1	I	101C	3
13	2946	9	65	M	H2N	I	101C	3
2	3785	9	18	FEMME	H1T1G4	I	105,0 C	3
10	735	9	56	HOMME	H3C0H9	I	103,5°F	6
4	1377	9	45	WOMAN	H2E1M8	I	104F	5
0	2690	9	26	F	H1W	I	219°F	1
7	1645	9	67	FEMME	H2J1L1	I	105C	4
8	3314	9	16	FEMALE	H1Y1J3	I	105°C	3
3	704	9	21	FEMME	H2C 2E2	I	103	2
8	1322	9	42	MALE	H1Z2Y8	I	38.6°C	6
9	3601	9	85	FEMME	H4K 2B2	I	107.0	4
5	720	9	17	HOMME	H1N 1P8	I	38,55	2
7	3747	9	50	HOMME	H2C3C1	I	102C	5
0	1326	9	32	M	H3K	I	104°F	3
12	19	9	0	F	H2G	I	38	9
2	1285	9	56	HOMME	H3C1Y7	I	40,4 C	4
1	1219	9	5	F	H1T	I	40°C	2
9	3175	9	58	FEMME	H1L 2J4	I	102.0	5
10	2287	9	63	FEMME	H4C3P7	I	219,2°F	3
7	149	9	63	FEMME	H1C1X2	I	38,2C	6
12	1013	9	63	F	H1M	I	40	2
5	2421	9	22	HOMME	H1X 1W3	I	103,0	2
7	1791	9	7	FEMME	H2K2E6	I	103C	1
2	3475	9	2	HOMME	H3K2X2	I	102,0 C	1
0	953	9	21	F	H2K	D	NA	6
3	1126	9	5	FEMME	H3T 2A9	I	100	2
12	968	9	42	H	H2J	D	0	5
2	1501	9	42	HOMME	H2K3V8	I	40,5 C	5
10	1550	9	38	HOMME	H1Z1Z5	I	102,3°F	5
13	2973	9	36	F	H3H	I	103C	2
4	936	9	6	BOY	H2W1G7	D	N/A	4
1	1753	9	28	H	H3C	I	102°C	2
6	3472	9	46	F	H1C	I	104C	4
9	1313	9	70	HOMME	H3L 2Z8	I	35.75	5
6	919	9	22	M	H2L	D	NA	2
8	863	9	0	MALE	H3H1R7	D	N/A	6
6	1410	9	56	M	H2W	I	39C	5
7	737	9	73	FEMME	H4A3J7	I	40,6C	6
5	2538	9	52	FEMME	H1N 3V2	I	102,0	2
7	3401	9	11	HOMME	H1Z3S6	I	103C	3
8	3149	9	37	MALE	H2R1L4	I	103°C	3
13	3096	9	37	F	H1V	I	102C	5
9	3683	9	6	FEMME	H3K 3K5	I	102.0	5
8	1462	9	28	MALE	H2A2Y4	I	40.1°C	2
5	110	9	63	HOMME	H3B 4K4	I	36,97	6
3	3698	9	85	HOMME	H1L 1E5	I	225	2
1	796	9	43	F	H2Z	D	0	2
13	1641	9	57	M	H2P	I	104C	5
10	2209	9	26	HOMME	H4E3R9	I	224,6°F	3
0	3298	9	45	F	H2Y	I	221°F	5
7	2757	9	28	HOMME	H1L1S4	I	103C	2
11	2236	9	18	FEMME	H1E4A7	I	219F	2
12	2415	9	3	F	H2H	I	103	4
11	1123	9	43	HOMME	H2J2P9	I	101F	2
8	3779	9	46	MALE	H3J2S8	I	104°C	4
11	1607	9	45	HOMME	H2K1K4	I	216F	1
3	2940	9	48	FEMME	H4C 2S1	I	219	3
13	1382	9	47	F	H1N	I	39C	4
1	771	9	63	F	H1T	I	39°C	4
5	225	9	57	FEMME	H1V 3N3	D	NON APPLICABLE	8
4	2154	9	30	WOMAN	H2A3K6	I	217F	4
6	1110	9	52	F	H4C	I	39C	2
8	3210	9	47	MALE	H3B5A9	I	106°C	3
0	3412	9	71	F	H1M	I	217°F	4
3	2568	9	62	HOMME	H2Y 1E8	I	221	5
0	1810	9	56	M	H4K	I	217°F	1
6	2878	9	41	M	H1T	I	101C	5
3	3345	9	73	FEMME	H4E 1W5	I	217	5
7	3047	9	2	FEMME	H1X1L4	I	103C	1
9	1239	9	7	FEMME	H1Z 1L5	I	36.99	4
0	3264	9	2	M	H2K	I	223°F	4
9	1851	9	21	FEMME	H1N 3R9	I	102.0	1
4	1200	9	70	MAN	H1X3K2	I	105F	2
6	724	9	10	F	H3L	I	39C	5
7	1793	9	22	FEMME	H1E5P8	I	104C	5
13	1837	9	50	F	H4B	I	101C	5
3	1484	9	60	FEMME	H2T 1N7	I	102	3
13	1626	9	43	M	H2G	I	104C	1
13	261	9	38	F	H3N	I	39C	6
4	3131	9	20	MAN	H2E1G5	I	217F	3
6	3093	9	67	F	H1E	I	103C	2
0	2198	9	57	NB	H1E	I	221°F	5
4	2443	9	51	MAN	H1Z2M6	I	216F	4
11	1342	9	57	HOMME	H2Y3Z9	I	107F	3
11	157	9	53	FEMME	H2V4A1	I	101F	4
11	2039	9	36	HOMME	H4A1W4	I	221F	5
12	2729	9	26	H	H1Y	I	105	2
7	159	9	60	HOMME	H2C3A4	I	37,1C	5
3	1663	9	62	HOMME	H2X 3Y3	I	219	1
12	977	9	41	H	H2L	I	38	5
13	3339	9	35	F	H1E	I	106C	2
5	1221	9	46	FEMME	H1Z 1S4	I	39,15	4
10	2453	9	45	FEMME	NON	I	INFECTÉE.221°F	1
12	1891	9	26	H	H2M	I	103	3
0	1183	9	35	F	H4B	I	103°F	6
6	1448	9	6	M	H1A	D	NA	4
0	3619	9	58	M	H4V	I	216°F	3
13	746	9	63	F	H1W	I	39C	3
11	774	9	7	HOMME	H1T1R7	I	105F	4
3	3664	9	18	HOMME	H2J 1A1	I	216	5
1	1451	9	58	F	H3C	I	40°C	5
10	1075	9	57	FEMME	H3S1G2	I	101,8°F	6
